id,user,full_name,problem,size,date,score,status,language,compiler,source_file,num_tests,num_subtasks,url
3353664,Cosminane,Boac Mihai Cosmin,nim,0.34 kb,9 mai 26 12:11:50,100,Evaluare completa: 100 puncte,cpp,,3353664.cpp,,,https://www.infoarena.ro/job_detail/3353664
3351911,eric_dragos,Dragos Eric,nim,0.43 kb,22 apr 26 11:30:43,100,Evaluare completa: 100 puncte,cpp,,3351911.cpp,,,https://www.infoarena.ro/job_detail/3351911
3350680,marap2011,Paun Mara,nim,0.62 kb,11 apr 26 19:33:16,100,Evaluare completa: 100 puncte,cpp,,3350680.cpp,,,https://www.infoarena.ro/job_detail/3350680
3350679,marap2011,Paun Mara,nim,0.74 kb,11 apr 26 19:26:25,0,Evaluare completa: 0 puncte,cpp,,3350679.cpp,,,https://www.infoarena.ro/job_detail/3350679
3350091,DariusJohn,Darius Dumitrescu,nim,0.39 kb,5 apr 26 12:19:48,100,Evaluare completa: 100 puncte,cpp,,3350091.cpp,,,https://www.infoarena.ro/job_detail/3350091
3349929,Warrior.exe,Zgorcea Mihai-Alexandru,nim,0.36 kb,3 apr 26 16:56:55,100,Evaluare completa: 100 puncte,cpp,,3349929.cpp,,,https://www.infoarena.ro/job_detail/3349929
3349928,TomMMM,Matei Toma,nim,0.34 kb,3 apr 26 16:56:47,100,Evaluare completa: 100 puncte,cpp,,3349928.cpp,,,https://www.infoarena.ro/job_detail/3349928
3349808,3fr3m,Farcasanu Efrem,nim,0.48 kb,2 apr 26 16:24:08,100,Evaluare completa: 100 puncte,cpp,,3349808.cpp,,,https://www.infoarena.ro/job_detail/3349808
3345693,robertcosac,Cosac Robert-Mihai,nim,0.38 kb,10 mar 26 17:25:57,100,Evaluare completa: 100 puncte,cpp,,3345693.cpp,,,https://www.infoarena.ro/job_detail/3345693
3343932,stanciuvalentin,Stanciu-Tivlea Valentin Gabriel,nim,0.38 kb,28 feb 26 19:10:31,100,Evaluare completa: 100 puncte,cpp,,3343932.cpp,,,https://www.infoarena.ro/job_detail/3343932
3343443,Dia3141,Costea Diana Stefania,nim,0.37 kb,27 feb 26 14:08:03,100,Evaluare completa: 100 puncte,cpp,,3343443.cpp,,,https://www.infoarena.ro/job_detail/3343443
3342092,Lex._.,Lex Guiman,nim,0.44 kb,22 feb 26 19:01:30,100,Evaluare completa: 100 puncte,cpp,,3342092.cpp,,,https://www.infoarena.ro/job_detail/3342092
3341935,Cezar2009,Cezar Mihai Titihazan,nim,1.84 kb,21 feb 26 19:21:58,100,Evaluare completa: 100 puncte,cpp,,3341935.cpp,,,https://www.infoarena.ro/job_detail/3341935
3341711,Cristian_Negoita,Cristian Negoita,nim,0.45 kb,20 feb 26 18:29:03,100,Evaluare completa: 100 puncte,cpp,,3341711.cpp,,,https://www.infoarena.ro/job_detail/3341711
3341382,Andrei-Dani-10,Pisla Andrei Daniel,nim,0.39 kb,19 feb 26 12:40:28,100,Evaluare completa: 100 puncte,cpp,,3341382.cpp,,,https://www.infoarena.ro/job_detail/3341382
3341381,Andrei-Dani-10,Pisla Andrei Daniel,nim,0.39 kb,19 feb 26 12:39:45,0,Evaluare completa: 0 puncte,cpp,,3341381.cpp,,,https://www.infoarena.ro/job_detail/3341381
3341380,Andrei-Dani-10,Pisla Andrei Daniel,nim,0.38 kb,19 feb 26 12:39:02,0,Evaluare completa: 0 puncte,cpp,,3341380.cpp,,,https://www.infoarena.ro/job_detail/3341380
3341378,Andrei-Dani-10,Pisla Andrei Daniel,nim,0.39 kb,19 feb 26 12:38:41,0,Eroare de compilare: 0 puncte,cpp,,3341378.cpp,,,https://www.infoarena.ro/job_detail/3341378
3339909,Andrei_Gagea08,Andrei Gagea,nim,0.35 kb,10 feb 26 20:13:33,100,Evaluare completa: 100 puncte,cpp,,3339909.cpp,,,https://www.infoarena.ro/job_detail/3339909
3339857,Dunare,Tanasescu Luca-Ioan,nim,0.30 kb,10 feb 26 16:00:46,100,Evaluare completa: 100 puncte,cpp,,3339857.cpp,,,https://www.infoarena.ro/job_detail/3339857
3339638,nicoleta_iancu,Iancu Nicoleta,nim,0.52 kb,9 feb 26 13:24:46,100,Evaluare completa: 100 puncte,cpp,,3339638.cpp,,,https://www.infoarena.ro/job_detail/3339638
3338532,Dunare,Tanasescu Luca-Ioan,nim,0.13 kb,3 feb 26 19:56:25,0,Evaluare completa: 0 puncte,cpp,,3338532.cpp,,,https://www.infoarena.ro/job_detail/3338532
3338531,Dunare,Tanasescu Luca-Ioan,nim,0.13 kb,3 feb 26 19:55:32,0,Evaluare completa: 0 puncte,cpp,,3338531.cpp,,,https://www.infoarena.ro/job_detail/3338531
3338529,Dunare,Tanasescu Luca-Ioan,nim,0.30 kb,3 feb 26 19:51:38,100,Evaluare completa: 100 puncte,cpp,,3338529.cpp,,,https://www.infoarena.ro/job_detail/3338529
3338527,Dunare,Tanasescu Luca-Ioan,nim,0.30 kb,3 feb 26 19:51:18,0,Eroare de compilare: 0 puncte,cpp,,3338527.cpp,,,https://www.infoarena.ro/job_detail/3338527
3338525,WiseAndrei4,Vetrila Andrei,nim,0.55 kb,3 feb 26 19:49:36,100,Evaluare completa: 100 puncte,cpp,,3338525.cpp,,,https://www.infoarena.ro/job_detail/3338525
3336875,alexdragu,Alexandru Dragu,nim,0.36 kb,26 ian 26 14:15:53,100,Evaluare completa: 100 puncte,cpp,,3336875.cpp,,,https://www.infoarena.ro/job_detail/3336875
3336694,vladinfo_,Grecu Vlad,nim,0.54 kb,25 ian 26 13:05:57,100,Evaluare completa: 100 puncte,cpp,,3336694.cpp,,,https://www.infoarena.ro/job_detail/3336694
3331743,LucaWaluca,Luca Munteanu,nim,0.40 kb,30 dec 25 16:58:57,100,Evaluare completa: 100 puncte,cpp,,3331743.cpp,,,https://www.infoarena.ro/job_detail/3331743
3331742,LucaWaluca,Luca Munteanu,nim,0.40 kb,30 dec 25 16:58:13,0,Evaluare completa: 0 puncte,cpp,,3331742.cpp,,,https://www.infoarena.ro/job_detail/3331742
3331130,Dia3141,Costea Diana Stefania,nim,0.38 kb,24 dec 25 18:05:32,100,Evaluare completa: 100 puncte,cpp,,3331130.cpp,,,https://www.infoarena.ro/job_detail/3331130
3329579,zionlyism,Adobroaiei David,nim,0.45 kb,14 dec 25 10:45:34,100,Evaluare completa: 100 puncte,cpp,,3329579.cpp,,,https://www.infoarena.ro/job_detail/3329579
3329098,Nasa1004,Ema Nicole Gheorghe,nim,0.38 kb,11 dec 25 18:49:26,100,Evaluare completa: 100 puncte,cpp,,3329098.cpp,,,https://www.infoarena.ro/job_detail/3329098
3328351,Razvan23,Razvan Mosanu,nim,0.52 kb,7 dec 25 21:00:39,100,Evaluare completa: 100 puncte,cpp,,3328351.cpp,,,https://www.infoarena.ro/job_detail/3328351
3328301,iulia_morariu,Iuli Morariu,nim,0.60 kb,7 dec 25 17:29:14,100,Evaluare completa: 100 puncte,cpp,,3328301.cpp,,,https://www.infoarena.ro/job_detail/3328301
3327165,zionlyism,Adobroaiei David,nim,0.53 kb,2 dec 25 16:48:54,90,Evaluare completa: 90 puncte,cpp,,3327165.cpp,,,https://www.infoarena.ro/job_detail/3327165
3327164,zionlyism,Adobroaiei David,nim,0.45 kb,2 dec 25 16:48:15,100,Evaluare completa: 100 puncte,cpp,,3327164.cpp,,,https://www.infoarena.ro/job_detail/3327164
3327159,zionlyism,Adobroaiei David,nim,0.53 kb,2 dec 25 16:46:51,90,Evaluare completa: 90 puncte,cpp,,3327159.cpp,,,https://www.infoarena.ro/job_detail/3327159
3327156,zionlyism,Adobroaiei David,nim,0.49 kb,2 dec 25 16:44:30,90,Evaluare completa: 90 puncte,cpp,,3327156.cpp,,,https://www.infoarena.ro/job_detail/3327156
3317531,XTrim07,Florea Andrei,nim,0.56 kb,24 oct 25 12:17:30,100,Evaluare completa: 100 puncte,cpp,,3317531.cpp,,,https://www.infoarena.ro/job_detail/3317531
3317524,BOSSSTEFAN,Petrescu Ioan Stefan,nim,0.49 kb,24 oct 25 10:11:47,100,Evaluare completa: 100 puncte,cpp,,3317524.cpp,,,https://www.infoarena.ro/job_detail/3317524
3312810,depevlad,Vlad Dumitru-Popescu,nim,0.41 kb,30 sep 25 01:10:59,100,Evaluare completa: 100 puncte,cpp,,3312810.cpp,,,https://www.infoarena.ro/job_detail/3312810
3311957,EricDimi,Cismaru Eric-Dimitrie,nim,0.40 kb,25 sep 25 08:59:59,100,Evaluare completa: 100 puncte,cpp,,3311957.cpp,,,https://www.infoarena.ro/job_detail/3311957
3310472,Gerald123,Ursan George,nim,0.33 kb,14 sep 25 10:26:10,100,Evaluare completa: 100 puncte,cpp,,3310472.cpp,,,https://www.infoarena.ro/job_detail/3310472
3310471,Gerald123,Ursan George,nim,0.32 kb,14 sep 25 10:25:47,0,Evaluare completa: 0 puncte,cpp,,3310471.cpp,,,https://www.infoarena.ro/job_detail/3310471
3310470,Gerald123,Ursan George,nim,0.33 kb,14 sep 25 10:25:21,0,Evaluare completa: 0 puncte,cpp,,3310470.cpp,,,https://www.infoarena.ro/job_detail/3310470
3310469,pachy2007,Pachitanu Matei,nim,0.43 kb,14 sep 25 10:25:04,100,Evaluare completa: 100 puncte,cpp,,3310469.cpp,,,https://www.infoarena.ro/job_detail/3310469
3310468,vladsoarta,vlad sofronea,nim,0.46 kb,14 sep 25 10:25:03,100,Evaluare completa: 100 puncte,cpp,,3310468.cpp,,,https://www.infoarena.ro/job_detail/3310468
3310467,pachy2007,Pachitanu Matei,nim,1.68 kb,14 sep 25 10:24:30,0,Evaluare completa: 0 puncte,cpp,,3310467.cpp,,,https://www.infoarena.ro/job_detail/3310467
3310466,0021592,Grecu rares,nim,0.40 kb,14 sep 25 10:21:31,100,Evaluare completa: 100 puncte,cpp,,3310466.cpp,,,https://www.infoarena.ro/job_detail/3310466
3310209,paulihno15,Ciumandru Paul,nim,0.71 kb,12 sep 25 09:33:52,100,Evaluare completa: 100 puncte,cpp,,3310209.cpp,,,https://www.infoarena.ro/job_detail/3310209
3307460,iordache,Matei Iordache,nim,0.41 kb,21 aug 25 09:32:21,100,Evaluare completa: 100 puncte,cpp,,3307460.cpp,,,https://www.infoarena.ro/job_detail/3307460
3306671,Alexia12345,Maftei Alexia,nim,0.41 kb,12 aug 25 17:43:28,100,Evaluare completa: 100 puncte,cpp,,3306671.cpp,,,https://www.infoarena.ro/job_detail/3306671
3306670,Alexia12345,Maftei Alexia,nim,0.40 kb,12 aug 25 17:42:30,0,Evaluare completa: 0 puncte,cpp,,3306670.cpp,,,https://www.infoarena.ro/job_detail/3306670
3306669,adochiteiandrei27@yahoo.com,Andrei Adochitei,nim,0.36 kb,12 aug 25 17:37:49,100,Evaluare completa: 100 puncte,cpp,,3306669.cpp,,,https://www.infoarena.ro/job_detail/3306669
3306668,adochiteiandrei27@yahoo.com,Andrei Adochitei,nim,0.35 kb,12 aug 25 17:37:05,0,Eroare de compilare: 0 puncte,cpp,,3306668.cpp,,,https://www.infoarena.ro/job_detail/3306668
3305216,ionutpop118,Pop Ioan Cristian,nim,0.48 kb,30 iul 25 18:18:25,100,Evaluare completa: 100 puncte,cpp,,3305216.cpp,,,https://www.infoarena.ro/job_detail/3305216
3304535,McMeat,Ghenea Radu Stefan,nim,0.41 kb,24 iul 25 17:11:13,100,Evaluare completa: 100 puncte,cpp,,3304535.cpp,,,https://www.infoarena.ro/job_detail/3304535
3304534,McMeat,Ghenea Radu Stefan,nim,0.42 kb,24 iul 25 17:10:42,0,Evaluare completa: 0 puncte,cpp,,3304534.cpp,,,https://www.infoarena.ro/job_detail/3304534
3301496,brianabucur11,Briana Bucur,nim,0.46 kb,26 iun 25 22:45:59,100,Evaluare completa: 100 puncte,cpp,,3301496.cpp,,,https://www.infoarena.ro/job_detail/3301496
3297574,Arhiva_Educationala,Arhiva Educationala,nim,0.40 kb,22 mai 25 22:21:53,100,Evaluare completa: 100 puncte,cpp,,3297574.cpp,,,https://www.infoarena.ro/job_detail/3297574
3293705,robert111,Peter Robert,nim,0.41 kb,12 apr 25 13:07:32,100,Evaluare completa: 100 puncte,cpp,,3293705.cpp,,,https://www.infoarena.ro/job_detail/3293705
3293514,Sorin_Gabriel,Gabara Sorin Gabriel,nim,0.52 kb,11 apr 25 20:55:15,100,Evaluare completa: 100 puncte,cpp,,3293514.cpp,,,https://www.infoarena.ro/job_detail/3293514
3291314,Darius1414,Dobre Darius Adrian,nim,0.41 kb,4 apr 25 01:55:25,100,Evaluare completa: 100 puncte,cpp,,3291314.cpp,,,https://www.infoarena.ro/job_detail/3291314
3291312,AlexandruTigau,Tigau Alexandru,nim,0.20 kb,4 apr 25 01:47:30,100,Evaluare completa: 100 puncte,cpp,,3291312.cpp,,,https://www.infoarena.ro/job_detail/3291312
3291311,AlexandruTigau,Tigau Alexandru,nim,0.39 kb,4 apr 25 01:44:30,100,Evaluare completa: 100 puncte,cpp,,3291311.cpp,,,https://www.infoarena.ro/job_detail/3291311
3288421,EnnBruh,Ene Andrei,nim,1.01 kb,22 mar 25 11:10:58,100,Evaluare completa: 100 puncte,cpp,,3288421.cpp,,,https://www.infoarena.ro/job_detail/3288421
3288420,EnnBruh,Ene Andrei,nim,1.14 kb,22 mar 25 11:10:32,100,Evaluare completa: 100 puncte,cpp,,3288420.cpp,,,https://www.infoarena.ro/job_detail/3288420
3288419,EnnBruh,Ene Andrei,nim,1.04 kb,22 mar 25 11:09:08,100,Evaluare completa: 100 puncte,cpp,,3288419.cpp,,,https://www.infoarena.ro/job_detail/3288419
3288407,EnnBruh,Ene Andrei,nim,1.00 kb,22 mar 25 09:48:20,100,Evaluare completa: 100 puncte,cpp,,3288407.cpp,,,https://www.infoarena.ro/job_detail/3288407
3285735,raulthestorm,Ilie Raul Ionut,nim,0.37 kb,13 mar 25 13:52:57,100,Evaluare completa: 100 puncte,cpp,,3285735.cpp,,,https://www.infoarena.ro/job_detail/3285735
3285732,Mateixx1,Trandafir Matei,nim,0.33 kb,13 mar 25 13:50:28,100,Evaluare completa: 100 puncte,cpp,,3285732.cpp,,,https://www.infoarena.ro/job_detail/3285732
3285730,StefanRares,Stefan Rares,nim,0.39 kb,13 mar 25 13:49:46,100,Evaluare completa: 100 puncte,cpp,,3285730.cpp,,,https://www.infoarena.ro/job_detail/3285730
3285644,TeodorLuchianov,Teo Luchianov,nim,0.42 kb,13 mar 25 11:58:14,100,Evaluare completa: 100 puncte,cpp,,3285644.cpp,,,https://www.infoarena.ro/job_detail/3285644
3285643,TeodorLuchianov,Teo Luchianov,nim,0.42 kb,13 mar 25 11:57:45,0,Evaluare completa: 0 puncte,cpp,,3285643.cpp,,,https://www.infoarena.ro/job_detail/3285643
3285641,TeodorLuchianov,Teo Luchianov,nim,0.38 kb,13 mar 25 11:56:52,0,Evaluare completa: 0 puncte,cpp,,3285641.cpp,,,https://www.infoarena.ro/job_detail/3285641
3283819,andreea0146,Nicula Andreea,nim,0.39 kb,10 mar 25 15:57:45,100,Evaluare completa: 100 puncte,cpp,,3283819.cpp,,,https://www.infoarena.ro/job_detail/3283819
3283811,BuruianaRaresAndrei,Buruiana Rares Andrei,nim,0.39 kb,10 mar 25 15:45:55,100,Evaluare completa: 100 puncte,cpp,,3283811.cpp,,,https://www.infoarena.ro/job_detail/3283811
3281570,Victor5539,Tanase Victor,nim,0.45 kb,2 mar 25 13:20:56,100,Evaluare completa: 100 puncte,cpp,,3281570.cpp,,,https://www.infoarena.ro/job_detail/3281570
3279990,gBne,Flavius Andronic,nim,0.53 kb,25 feb 25 09:34:32,100,Evaluare completa: 100 puncte,cpp,,3279990.cpp,,,https://www.infoarena.ro/job_detail/3279990
3279227,not_andu,Andu Scheusan,nim,0.57 kb,22 feb 25 10:51:30,100,Evaluare completa: 100 puncte,cpp,,3279227.cpp,,,https://www.infoarena.ro/job_detail/3279227
3275814,filip53243,filip bob,nim,0.40 kb,11 feb 25 19:56:19,100,Evaluare completa: 100 puncte,cpp,,3275814.cpp,,,https://www.infoarena.ro/job_detail/3275814
3275023,Bubu_Orange,Alin Lupau,nim,0.42 kb,8 feb 25 19:29:32,100,Evaluare completa: 100 puncte,cpp,,3275023.cpp,,,https://www.infoarena.ro/job_detail/3275023
3274614,andrei.ilisie,Ilisie Andrei,nim,0.44 kb,7 feb 25 16:29:02,100,Evaluare completa: 100 puncte,cpp,,3274614.cpp,,,https://www.infoarena.ro/job_detail/3274614
3274613,andrei.ilisie,Ilisie Andrei,nim,0.44 kb,7 feb 25 16:28:28,0,Evaluare completa: 0 puncte,cpp,,3274613.cpp,,,https://www.infoarena.ro/job_detail/3274613
3274612,morozandavid,Morozan David,nim,0.35 kb,7 feb 25 16:27:50,100,Evaluare completa: 100 puncte,cpp,,3274612.cpp,,,https://www.infoarena.ro/job_detail/3274612
3274611,rotti321,Rotar Mircea,nim,0.50 kb,7 feb 25 16:26:34,100,Evaluare completa: 100 puncte,cpp,,3274611.cpp,,,https://www.infoarena.ro/job_detail/3274611
3274369,PetruApostol,Apostol Mihnea Petru,nim,0.35 kb,6 feb 25 16:06:43,100,Evaluare completa: 100 puncte,cpp,,3274369.cpp,,,https://www.infoarena.ro/job_detail/3274369
3274228,Ruxandra009,Ruxandra Vasilescu,nim,0.41 kb,5 feb 25 19:39:09,100,Evaluare completa: 100 puncte,cpp,,3274228.cpp,,,https://www.infoarena.ro/job_detail/3274228
3272175,Andrei_Dumy,Dumitrescu Andrei-George,nim,0.33 kb,28 ian 25 18:11:54,100,Evaluare completa: 100 puncte,cpp,,3272175.cpp,,,https://www.infoarena.ro/job_detail/3272175
3268858,Andercau_Vasile,Andercau Vasile,nim,0.44 kb,17 ian 25 19:44:19,100,Evaluare completa: 100 puncte,cpp,,3268858.cpp,,,https://www.infoarena.ro/job_detail/3268858
3266906,tudoor_balasescu,Balasescu Tudor,nim,0.39 kb,10 ian 25 18:50:15,100,Evaluare completa: 100 puncte,cpp,,3266906.cpp,,,https://www.infoarena.ro/job_detail/3266906
3266623,Mihai_Oct,Mihai Octavian,nim,0.39 kb,9 ian 25 16:50:34,100,Evaluare completa: 100 puncte,cpp,,3266623.cpp,,,https://www.infoarena.ro/job_detail/3266623
3266622,Mihai_Oct,Mihai Octavian,nim,0.73 kb,9 ian 25 16:50:17,0,Evaluare completa: 0 puncte,cpp,,3266622.cpp,,,https://www.infoarena.ro/job_detail/3266622
3265691,BlueCostin,Costin Marc,nim,0.41 kb,2 ian 25 15:47:25,100,Evaluare completa: 100 puncte,cpp,,3265691.cpp,,,https://www.infoarena.ro/job_detail/3265691
3265503,marcandreicostin,Costin,nim,0.41 kb,30 dec 24 17:25:26,100,Evaluare completa: 100 puncte,cpp,,3265503.cpp,,,https://www.infoarena.ro/job_detail/3265503
3261408,ax_dogaru,Dogaru Alexandru,nim,0.43 kb,5 dec 24 19:19:58,100,Evaluare completa: 100 puncte,cpp,,3261408.cpp,,,https://www.infoarena.ro/job_detail/3261408
3261407,ax_dogaru,Dogaru Alexandru,nim,0.42 kb,5 dec 24 19:18:47,0,Evaluare completa: 0 puncte,cpp,,3261407.cpp,,,https://www.infoarena.ro/job_detail/3261407
3252728,Mirel2008,Roman Mirel-Daniel,nim,0.41 kb,30 oct 24 19:47:43,100,Evaluare completa: 100 puncte,cpp,,3252728.cpp,,,https://www.infoarena.ro/job_detail/3252728
3252725,Mirel2008,Roman Mirel-Daniel,nim,0.39 kb,30 oct 24 19:46:45,0,Evaluare completa: 0 puncte,cpp,,3252725.cpp,,,https://www.infoarena.ro/job_detail/3252725
3252196,stefan_dore_,Stefan Dore,nim,0.38 kb,28 oct 24 19:53:15,100,Evaluare completa: 100 puncte,cpp,,3252196.cpp,,,https://www.infoarena.ro/job_detail/3252196
3252194,stefan_dore_,Stefan Dore,nim,0.38 kb,28 oct 24 19:51:59,0,Evaluare completa: 0 puncte,cpp,,3252194.cpp,,,https://www.infoarena.ro/job_detail/3252194
3248034,AlbertPav,Pavalache Albert,nim,0.37 kb,10 oct 24 16:53:21,100,Evaluare completa: 100 puncte,cpp,,3248034.cpp,,,https://www.infoarena.ro/job_detail/3248034
3244723,rava.rva,Ravanelli,nim,0.37 kb,26 sep 24 10:35:30,100,Evaluare completa: 100 puncte,cpp,,3244723.cpp,,,https://www.infoarena.ro/job_detail/3244723
3244722,rava.rva,Ravanelli,nim,0.37 kb,26 sep 24 10:34:09,0,Eroare de compilare: 0 puncte,cpp,,3244722.cpp,,,https://www.infoarena.ro/job_detail/3244722
3244721,rava.rva,Ravanelli,nim,0.43 kb,26 sep 24 10:33:04,0,Evaluare completa: 0 puncte,cpp,,3244721.cpp,,,https://www.infoarena.ro/job_detail/3244721
3243656,altom,Mirel Fanel,nim,0.43 kb,19 sep 24 23:20:07,100,Evaluare completa: 100 puncte,cpp,,3243656.cpp,,,https://www.infoarena.ro/job_detail/3243656
3243097,davidgeo123,Georgescu David,nim,0.39 kb,15 sep 24 17:54:56,100,Evaluare completa: 100 puncte,cpp,,3243097.cpp,,,https://www.infoarena.ro/job_detail/3243097
3241416,prares06,Papacioc Rares-Ioan,nim,0.32 kb,30 aug 24 00:35:43,100,Evaluare completa: 100 puncte,cpp,,3241416.cpp,,,https://www.infoarena.ro/job_detail/3241416
3237687,tsg38,Tsg Tsg,nim,0.39 kb,11 iul 24 20:07:06,100,Evaluare completa: 100 puncte,cpp,,3237687.cpp,,,https://www.infoarena.ro/job_detail/3237687
3234054,Buzdi,Buzdugan Rares Andrei,nim,0.65 kb,6 iun 24 10:38:50,100,Evaluare completa: 100 puncte,cpp,,3234054.cpp,,,https://www.infoarena.ro/job_detail/3234054
3233231,MirceaDonciuLicenta,Licenta Mircea Donciu,nim,0.74 kb,2 iun 24 20:18:37,100,Evaluare completa: 100 puncte,cpp,,3233231.cpp,,,https://www.infoarena.ro/job_detail/3233231
3232608,popescu_george,Popescu George,nim,0.58 kb,31 mai 24 10:55:31,100,Evaluare completa: 100 puncte,cpp,,3232608.cpp,,,https://www.infoarena.ro/job_detail/3232608
3232607,popescu_george,Popescu George,nim,0.58 kb,31 mai 24 10:54:42,100,Evaluare completa: 100 puncte,cpp,,3232607.cpp,,,https://www.infoarena.ro/job_detail/3232607
3232606,popescu_george,Popescu George,nim,0.58 kb,31 mai 24 10:53:45,100,Evaluare completa: 100 puncte,cpp,,3232606.cpp,,,https://www.infoarena.ro/job_detail/3232606
3232605,popescu_george,Popescu George,nim,0.59 kb,31 mai 24 10:49:39,100,Evaluare completa: 100 puncte,cpp,,3232605.cpp,,,https://www.infoarena.ro/job_detail/3232605
3232604,popescu_george,Popescu George,nim,0.57 kb,31 mai 24 10:44:22,0,Evaluare completa: 0 puncte,cpp,,3232604.cpp,,,https://www.infoarena.ro/job_detail/3232604
3232417,bogdan1479,Luca Bogdan Alexandru,nim,0.44 kb,30 mai 24 08:41:18,100,Evaluare completa: 100 puncte,cpp,,3232417.cpp,,,https://www.infoarena.ro/job_detail/3232417
3231366,andiR,Tanasescu Andrei-Rares,nim,0.89 kb,25 mai 24 23:37:33,100,Evaluare completa: 100 puncte,cpp,,3231366.cpp,,,https://www.infoarena.ro/job_detail/3231366
3231365,andiR,Tanasescu Andrei-Rares,nim,0.88 kb,25 mai 24 23:35:31,0,Evaluare completa: 0 puncte,cpp,,3231365.cpp,,,https://www.infoarena.ro/job_detail/3231365
3228153,popescu_george,Popescu George,nim,0.20 kb,6 mai 24 14:16:26,100,Evaluare completa: 100 puncte,cpp,,3228153.cpp,,,https://www.infoarena.ro/job_detail/3228153
3228152,popescu_george,Popescu George,nim,0.20 kb,6 mai 24 14:15:46,100,Evaluare completa: 100 puncte,cpp,,3228152.cpp,,,https://www.infoarena.ro/job_detail/3228152
3227338,Gergo123,Schradi Gergo,nim,0.37 kb,29 apr 24 19:39:44,100,Evaluare completa: 100 puncte,cpp,,3227338.cpp,,,https://www.infoarena.ro/job_detail/3227338
3226728,alexvali23,alexandru,nim,0.34 kb,22 apr 24 17:26:18,100,Evaluare completa: 100 puncte,cpp,,3226728.cpp,,,https://www.infoarena.ro/job_detail/3226728
3226726,alex210046,Bratu Alexandru,nim,0.38 kb,22 apr 24 17:25:18,100,Evaluare completa: 100 puncte,cpp,,3226726.cpp,,,https://www.infoarena.ro/job_detail/3226726
3226722,MilitaruMihai2022,Millitaru Mihai,nim,0.37 kb,22 apr 24 17:22:23,100,Evaluare completa: 100 puncte,cpp,,3226722.cpp,,,https://www.infoarena.ro/job_detail/3226722
3226721,MilitaruMihai2022,Millitaru Mihai,nim,0.37 kb,22 apr 24 17:21:47,0,Eroare de compilare: 0 puncte,cpp,,3226721.cpp,,,https://www.infoarena.ro/job_detail/3226721
3226391,popescu_george,Popescu George,nim,0.58 kb,21 apr 24 12:13:25,100,Evaluare completa: 100 puncte,cpp,,3226391.cpp,,,https://www.infoarena.ro/job_detail/3226391
3226019,Mihai_999,Diaconeasa Mihai,nim,0.43 kb,19 apr 24 17:00:56,100,Evaluare completa: 100 puncte,cpp,,3226019.cpp,,,https://www.infoarena.ro/job_detail/3226019
3226018,Mihai_999,Diaconeasa Mihai,nim,0.43 kb,19 apr 24 17:00:34,0,Eroare de compilare: 0 puncte,cpp,,3226018.cpp,,,https://www.infoarena.ro/job_detail/3226018
3225323,aeandreescu,Andreescu Ana-Eliza,nim,0.44 kb,17 apr 24 12:49:10,100,Evaluare completa: 100 puncte,cpp,,3225323.cpp,,,https://www.infoarena.ro/job_detail/3225323
3225274,Alex_Dumitrascu,Alex Dumitrascu,nim,0.41 kb,17 apr 24 11:23:08,100,Evaluare completa: 100 puncte,cpp,,3225274.cpp,,,https://www.infoarena.ro/job_detail/3225274
3223072,popescu_george,Popescu George,nim,0.20 kb,12 apr 24 12:45:42,100,Evaluare completa: 100 puncte,cpp,,3223072.cpp,,,https://www.infoarena.ro/job_detail/3223072
3223055,popescu_george,Popescu George,nim,0.21 kb,12 apr 24 11:17:21,100,Evaluare completa: 100 puncte,cpp,,3223055.cpp,,,https://www.infoarena.ro/job_detail/3223055
3221159,matei__b,Benchea Matei,nim,1.03 kb,6 apr 24 10:12:37,100,Evaluare completa: 100 puncte,cpp,,3221159.cpp,,,https://www.infoarena.ro/job_detail/3221159
3221154,amcbn,Ciobanu Andrei Mihai,nim,0.79 kb,6 apr 24 09:43:26,100,Evaluare completa: 100 puncte,cpp,,3221154.cpp,,,https://www.infoarena.ro/job_detail/3221154
3220267,Theo20067,Cismaru Theodor-Alexe,nim,0.46 kb,2 apr 24 23:11:32,100,Evaluare completa: 100 puncte,cpp,,3220267.cpp,,,https://www.infoarena.ro/job_detail/3220267
3220266,Theo20067,Cismaru Theodor-Alexe,nim,0.46 kb,2 apr 24 23:10:55,0,Evaluare completa: 0 puncte,cpp,,3220266.cpp,,,https://www.infoarena.ro/job_detail/3220266
3218047,DobraVictor,Dobra Victor Ioan,nim,0.46 kb,25 mar 24 19:11:08,100,Evaluare completa: 100 puncte,cpp,,3218047.cpp,,,https://www.infoarena.ro/job_detail/3218047
3217679,raresO,Obreja Rares,nim,0.49 kb,24 mar 24 12:27:49,100,Evaluare completa: 100 puncte,cpp,,3217679.cpp,,,https://www.infoarena.ro/job_detail/3217679
3213373,BreabanDaniel,Breaban Daniel-Vasile,nim,0.41 kb,13 mar 24 08:06:40,100,Evaluare completa: 100 puncte,cpp,,3213373.cpp,,,https://www.infoarena.ro/job_detail/3213373
3209042,mirunabudaca,Miruna B,nim,0.45 kb,1 mar 24 19:11:55,100,Evaluare completa: 100 puncte,cpp,,3209042.cpp,,,https://www.infoarena.ro/job_detail/3209042
3203261,DomnulMilandru,Milandru Nicon-David,nim,0.41 kb,13 feb 24 13:27:39,100,Evaluare completa: 100 puncte,cpp,,3203261.cpp,,,https://www.infoarena.ro/job_detail/3203261
3198006,Tudor06,MusatTudor,nim,0.14 kb,27 ian 24 22:43:59,100,Evaluare completa: 100 puncte,cpp,,3198006.cpp,,,https://www.infoarena.ro/job_detail/3198006
3195785,Radu_Mocanasu,Mocanasu Radu,nim,0.34 kb,21 ian 24 18:17:53,100,Evaluare completa: 100 puncte,cpp,,3195785.cpp,,,https://www.infoarena.ro/job_detail/3195785
3194127,SSKMF,SS KMF,nim,0.47 kb,17 ian 24 08:08:40,100,Evaluare completa: 100 puncte,cpp,,3194127.cpp,,,https://www.infoarena.ro/job_detail/3194127
3192196,gianifer,Spita Alexandru-Mihai,nim,0.42 kb,11 ian 24 19:11:01,100,Evaluare completa: 100 puncte,cpp,,3192196.cpp,,,https://www.infoarena.ro/job_detail/3192196
3192195,gianifer,Spita Alexandru-Mihai,nim,0.54 kb,11 ian 24 19:09:04,90,Evaluare completa: 90 puncte,cpp,,3192195.cpp,,,https://www.infoarena.ro/job_detail/3192195
3186290,Mihai_Oct,Mihai Octavian,nim,0.37 kb,22 dec 23 17:04:42,100,Evaluare completa: 100 puncte,cpp,,3186290.cpp,,,https://www.infoarena.ro/job_detail/3186290
3186289,Mihai_Oct,Mihai Octavian,nim,0.37 kb,22 dec 23 17:03:20,0,Evaluare completa: 0 puncte,cpp,,3186289.cpp,,,https://www.infoarena.ro/job_detail/3186289
3186288,Mihai_Oct,Mihai Octavian,nim,0.38 kb,22 dec 23 17:02:15,0,Evaluare completa: 0 puncte,cpp,,3186288.cpp,,,https://www.infoarena.ro/job_detail/3186288
3182824,Alexinfo22,Rusu Luca,nim,0.38 kb,9 dec 23 18:44:24,100,Evaluare completa: 100 puncte,cpp,,3182824.cpp,,,https://www.infoarena.ro/job_detail/3182824
3169635,octavi26,octavian,nim,0.48 kb,15 nov 23 17:13:16,100,Evaluare completa: 100 puncte,cpp,,3169635.cpp,,,https://www.infoarena.ro/job_detail/3169635
3169359,ionutth,numele meu,nim,0.21 kb,14 nov 23 21:10:34,100,Evaluare completa: 100 puncte,cpp,,3169359.cpp,,,https://www.infoarena.ro/job_detail/3169359
3167002,stefanpitur,Stefan Alexandru Pitur,nim,0.55 kb,9 nov 23 21:36:13,100,Evaluare completa: 100 puncte,cpp,,3167002.cpp,,,https://www.infoarena.ro/job_detail/3167002
3166411,not_andu,Andu Scheusan,nim,0.79 kb,8 nov 23 18:33:41,100,Evaluare completa: 100 puncte,cpp,,3166411.cpp,,,https://www.infoarena.ro/job_detail/3166411
3165351,deviei,Devid Mecu,nim,0.55 kb,6 nov 23 00:09:08,100,Evaluare completa: 100 puncte,c,,3165351.c,,,https://www.infoarena.ro/job_detail/3165351
3163710,poparobert,poparobert,nim,0.50 kb,31 oct 23 22:40:30,100,Evaluare completa: 100 puncte,cpp,,3163710.cpp,,,https://www.infoarena.ro/job_detail/3163710
3163709,poparobert,poparobert,nim,0.47 kb,31 oct 23 22:37:48,100,Evaluare completa: 100 puncte,cpp,,3163709.cpp,,,https://www.infoarena.ro/job_detail/3163709
3163708,poparobert,poparobert,nim,0.47 kb,31 oct 23 22:35:53,100,Evaluare completa: 100 puncte,cpp,,3163708.cpp,,,https://www.infoarena.ro/job_detail/3163708
3163707,poparobert,poparobert,nim,0.46 kb,31 oct 23 22:35:33,0,Evaluare completa: 0 puncte,cpp,,3163707.cpp,,,https://www.infoarena.ro/job_detail/3163707
3162445,CipriEu,Cruceanu Ciprian Constantin,nim,0.34 kb,29 oct 23 11:45:07,100,Evaluare completa: 100 puncte,cpp,,3162445.cpp,,,https://www.infoarena.ro/job_detail/3162445
3162443,CipriEu,Cruceanu Ciprian Constantin,nim,0.32 kb,29 oct 23 11:43:55,0,Evaluare completa: 0 puncte,cpp,,3162443.cpp,,,https://www.infoarena.ro/job_detail/3162443
3155585,PostoacaMatei,Matei Postoaca,nim,0.42 kb,8 oct 23 19:09:52,100,Evaluare completa: 100 puncte,cpp,,3155585.cpp,,,https://www.infoarena.ro/job_detail/3155585
3155584,PostoacaMatei,Matei Postoaca,nim,0.42 kb,8 oct 23 19:09:21,0,Evaluare completa: 0 puncte,cpp,,3155584.cpp,,,https://www.infoarena.ro/job_detail/3155584
3155274,laura2020,Moldovan Laura,nim,0.42 kb,7 oct 23 19:25:03,100,Evaluare completa: 100 puncte,cpp,,3155274.cpp,,,https://www.infoarena.ro/job_detail/3155274
3154874,Federica361,Martinut Federica,nim,0.41 kb,6 oct 23 17:48:18,100,Evaluare completa: 100 puncte,cpp,,3154874.cpp,,,https://www.infoarena.ro/job_detail/3154874
3149768,BOSSSTEFAN,Petrescu Ioan Stefan,nim,0.44 kb,12 sep 23 13:50:47,100,Evaluare completa: 100 puncte,cpp,,3149768.cpp,,,https://www.infoarena.ro/job_detail/3149768
3149260,Celestin,Negraru Celestin,nim,0.38 kb,6 sep 23 20:26:51,100,Evaluare completa: 100 puncte,cpp,,3149260.cpp,,,https://www.infoarena.ro/job_detail/3149260
3145177,stanciu_ana,Stanciu Ana-Maria,nim,1.22 kb,13 aug 23 14:03:28,0,Evaluare completa: 0 puncte,cpp,,3145177.cpp,,,https://www.infoarena.ro/job_detail/3145177
3145164,stanciu_ana,Stanciu Ana-Maria,nim,0.48 kb,13 aug 23 13:23:11,100,Evaluare completa: 100 puncte,cpp,,3145164.cpp,,,https://www.infoarena.ro/job_detail/3145164
3144199,Mihai_Popescu,Mihai Popescu,nim,0.47 kb,5 aug 23 22:39:30,100,Evaluare completa: 100 puncte,cpp,,3144199.cpp,,,https://www.infoarena.ro/job_detail/3144199
3141658,alex1bondoc,Alex Bondoc,nim,0.21 kb,15 iul 23 12:51:38,100,Evaluare completa: 100 puncte,cpp,,3141658.cpp,,,https://www.infoarena.ro/job_detail/3141658
3141657,alex1bondoc,Alex Bondoc,nim,0.42 kb,15 iul 23 12:49:38,0,Evaluare completa: 0 puncte,cpp,,3141657.cpp,,,https://www.infoarena.ro/job_detail/3141657
3141656,alex1bondoc,Alex Bondoc,nim,0.38 kb,15 iul 23 12:44:56,0,Eroare de compilare: 0 puncte,cpp,,3141656.cpp,,,https://www.infoarena.ro/job_detail/3141656
3141416,carinamaria,Carina Maria Viespescu,nim,0.78 kb,13 iul 23 22:10:42,100,Evaluare completa: 100 puncte,cpp,,3141416.cpp,,,https://www.infoarena.ro/job_detail/3141416
3141414,carinamaria,Carina Maria Viespescu,nim,0.85 kb,13 iul 23 22:08:09,40,Evaluare completa: 40 puncte,cpp,,3141414.cpp,,,https://www.infoarena.ro/job_detail/3141414
3140581,Blaugranas,Enal Gemaledin,nim,0.21 kb,7 iul 23 11:19:14,100,Evaluare completa: 100 puncte,cpp,,3140581.cpp,,,https://www.infoarena.ro/job_detail/3140581
3137654,Blaugranas,Enal Gemaledin,nim,0.21 kb,14 iun 23 08:23:20,100,Evaluare completa: 100 puncte,cpp,,3137654.cpp,,,https://www.infoarena.ro/job_detail/3137654
3125185,Iaaan,Anghel Georgian Bogdan,nim,0.47 kb,2 mai 23 10:49:40,100,Evaluare completa: 100 puncte,cpp,,3125185.cpp,,,https://www.infoarena.ro/job_detail/3125185
3124272,RolandPetrean,Petrean Roland,nim,0.33 kb,27 apr 23 17:15:15,100,Evaluare completa: 100 puncte,cpp,,3124272.cpp,,,https://www.infoarena.ro/job_detail/3124272
3123849,unom,Mirel Costel,nim,0.46 kb,25 apr 23 18:32:04,100,Evaluare completa: 100 puncte,cpp,,3123849.cpp,,,https://www.infoarena.ro/job_detail/3123849
3122194,Hando,Mihnea-Vicentiu,nim,2.41 kb,17 apr 23 20:11:33,100,Evaluare completa: 100 puncte,cpp,,3122194.cpp,,,https://www.infoarena.ro/job_detail/3122194
3122193,Hando,Mihnea-Vicentiu,nim,2.41 kb,17 apr 23 20:11:09,0,Evaluare completa: 0 puncte,cpp,,3122193.cpp,,,https://www.infoarena.ro/job_detail/3122193
3122111,matei0000,Neacsu Matei,nim,0.39 kb,17 apr 23 12:16:30,100,Evaluare completa: 100 puncte,cpp,,3122111.cpp,,,https://www.infoarena.ro/job_detail/3122111
3121794,Blaugranas,Enal Gemaledin,nim,0.21 kb,15 apr 23 13:24:55,100,Evaluare completa: 100 puncte,cpp,,3121794.cpp,,,https://www.infoarena.ro/job_detail/3121794
3041435,Bubu_Orange,Alin Lupau,nim,0.41 kb,31 mar 23 15:13:00,100,Evaluare completa: 100 puncte,cpp,,3041435.cpp,,,https://www.infoarena.ro/job_detail/3041435
3040808,AndreiBOTO,Botocan Andrei,nim,0.51 kb,30 mar 23 14:25:19,100,Evaluare completa: 100 puncte,cpp,,3040808.cpp,,,https://www.infoarena.ro/job_detail/3040808
3040766,IvanAndrei,Ivan Andrei,nim,0.49 kb,30 mar 23 13:48:47,100,Evaluare completa: 100 puncte,cpp,,3040766.cpp,,,https://www.infoarena.ro/job_detail/3040766
3040312,rotti321,Rotar Mircea,nim,2.52 kb,29 mar 23 18:50:11,100,Evaluare completa: 100 puncte,cpp,,3040312.cpp,,,https://www.infoarena.ro/job_detail/3040312
3036825,stefan05,Vasilache Stefan,nim,0.45 kb,25 mar 23 10:20:33,100,Evaluare completa: 100 puncte,cpp,,3036825.cpp,,,https://www.infoarena.ro/job_detail/3036825
3036824,stefan05,Vasilache Stefan,nim,0.45 kb,25 mar 23 10:20:32,100,Evaluare completa: 100 puncte,cpp,,3036824.cpp,,,https://www.infoarena.ro/job_detail/3036824
3036823,stefan05,Vasilache Stefan,nim,0.45 kb,25 mar 23 10:20:32,100,Evaluare completa: 100 puncte,cpp,,3036823.cpp,,,https://www.infoarena.ro/job_detail/3036823
3036822,stefan05,Vasilache Stefan,nim,0.45 kb,25 mar 23 10:20:32,100,Evaluare completa: 100 puncte,cpp,,3036822.cpp,,,https://www.infoarena.ro/job_detail/3036822
3036816,razvanalexrotaru,Razvan Alexandru Rotaru,nim,0.49 kb,25 mar 23 10:14:05,100,Evaluare completa: 100 puncte,cpp,,3036816.cpp,,,https://www.infoarena.ro/job_detail/3036816
3036811,Summer05,Cocut Alexandru,nim,0.47 kb,25 mar 23 10:08:09,100,Evaluare completa: 100 puncte,cpp,,3036811.cpp,,,https://www.infoarena.ro/job_detail/3036811
3036805,Emmy432622,Rotariu Emanuel,nim,0.47 kb,25 mar 23 09:47:14,100,Evaluare completa: 100 puncte,cpp,,3036805.cpp,,,https://www.infoarena.ro/job_detail/3036805
3036797,andu2006,Alexandru Gheorghies,nim,0.33 kb,25 mar 23 09:24:00,100,Evaluare completa: 100 puncte,cpp,,3036797.cpp,,,https://www.infoarena.ro/job_detail/3036797
3033524,Chris_Black,Blaga Cristian,nim,0.41 kb,24 mar 23 08:40:06,100,Evaluare completa: 100 puncte,cpp,,3033524.cpp,,,https://www.infoarena.ro/job_detail/3033524
3033451,BadHero112,Ursu Vasile,nim,0.51 kb,23 mar 23 22:16:13,100,Evaluare completa: 100 puncte,cpp,,3033451.cpp,,,https://www.infoarena.ro/job_detail/3033451
3031773,Zed1Yasuo,Alex Birsan,nim,0.37 kb,20 mar 23 19:32:39,100,Evaluare completa: 100 puncte,cpp,,3031773.cpp,,,https://www.infoarena.ro/job_detail/3031773
3005047,Blaugranas,Enal Gemaledin,nim,0.21 kb,16 mar 23 19:03:36,100,Evaluare completa: 100 puncte,cpp,,3005047.cpp,,,https://www.infoarena.ro/job_detail/3005047
3004576,SerbanCarole,Serban Carole,nim,0.41 kb,16 mar 23 13:56:42,100,Evaluare completa: 100 puncte,cpp,,3004576.cpp,,,https://www.infoarena.ro/job_detail/3004576
2999239,vlad_manea,Manea Vlad Cristian,nim,0.39 kb,10 mar 23 18:23:17,100,Evaluare completa: 100 puncte,cpp,,2999239.cpp,,,https://www.infoarena.ro/job_detail/2999239
2999238,rARES_4,Popa Rares,nim,0.44 kb,10 mar 23 18:21:32,100,Evaluare completa: 100 puncte,cpp,,2999238.cpp,,,https://www.infoarena.ro/job_detail/2999238
2999235,Chiri_,Robert Chiributa,nim,0.35 kb,10 mar 23 18:19:48,100,Evaluare completa: 100 puncte,cpp,,2999235.cpp,,,https://www.infoarena.ro/job_detail/2999235
2982638,Robertlel,Robert,nim,0.46 kb,20 feb 23 17:13:42,100,Evaluare completa: 100 puncte,cpp,,2982638.cpp,,,https://www.infoarena.ro/job_detail/2982638
2982103,Elvis_Costin,Tuca Elvis-Costin,nim,0.42 kb,19 feb 23 15:55:25,100,Evaluare completa: 100 puncte,cpp,,2982103.cpp,,,https://www.infoarena.ro/job_detail/2982103
2979618,and_,Turcu Andrei,nim,0.39 kb,15 feb 23 17:20:03,100,Evaluare completa: 100 puncte,cpp,,2979618.cpp,,,https://www.infoarena.ro/job_detail/2979618
2979617,and_,Turcu Andrei,nim,0.39 kb,15 feb 23 17:19:29,0,Evaluare completa: 0 puncte,cpp,,2979617.cpp,,,https://www.infoarena.ro/job_detail/2979617
2972498,vladburac,Burac Vlad,nim,0.41 kb,29 ian 23 16:25:36,100,Evaluare completa: 100 puncte,cpp,,2972498.cpp,,,https://www.infoarena.ro/job_detail/2972498
2971264,sandry24,Grosu Alexandru,nim,0.60 kb,26 ian 23 21:58:09,100,Evaluare completa: 100 puncte,cpp,,2971264.cpp,,,https://www.infoarena.ro/job_detail/2971264
2968016,mihaicrisan,Mihai Crisan,nim,0.40 kb,20 ian 23 16:58:49,100,Evaluare completa: 100 puncte,cpp,,2968016.cpp,,,https://www.infoarena.ro/job_detail/2968016
2964494,DKMKD,Matei Filibiu,nim,0.48 kb,13 ian 23 09:14:54,100,Evaluare completa: 100 puncte,cpp,,2964494.cpp,,,https://www.infoarena.ro/job_detail/2964494
2962847,LXGA,LXGA a,nim,0.49 kb,9 ian 23 17:12:19,100,Evaluare completa: 100 puncte,cpp,,2962847.cpp,,,https://www.infoarena.ro/job_detail/2962847
2950706,SerbanCarole,Serban Carole,nim,0.41 kb,4 dec 22 15:47:21,100,Evaluare completa: 100 puncte,cpp,,2950706.cpp,,,https://www.infoarena.ro/job_detail/2950706
2943911,Blaugranas,Enal Gemaledin,nim,0.21 kb,21 nov 22 19:40:01,100,Evaluare completa: 100 puncte,cpp,,2943911.cpp,,,https://www.infoarena.ro/job_detail/2943911
2943519,WilIiamper,William Damian Balint,nim,0.42 kb,21 nov 22 09:17:11,100,Evaluare completa: 100 puncte,cpp,,2943519.cpp,,,https://www.infoarena.ro/job_detail/2943519
2941575,TudosieRazvan,Tudosie Marius-Razvan,nim,0.64 kb,17 nov 22 21:48:05,100,Evaluare completa: 100 puncte,cpp,,2941575.cpp,,,https://www.infoarena.ro/job_detail/2941575
2938541,proflaurian,Panaete Adrian,nim,0.39 kb,12 nov 22 10:56:22,100,Evaluare completa: 100 puncte,cpp,,2938541.cpp,,,https://www.infoarena.ro/job_detail/2938541
2932870,croi5040,cr405040,nim,0.46 kb,4 nov 22 09:26:34,100,Evaluare completa: 100 puncte,cpp,,2932870.cpp,,,https://www.infoarena.ro/job_detail/2932870
2930996,BlueLuca888,Girbovan Robert Luca,nim,0.59 kb,30 oct 22 09:56:13,100,Evaluare completa: 100 puncte,cpp,,2930996.cpp,,,https://www.infoarena.ro/job_detail/2930996
2925855,IvanAndrei,Ivan Andrei,nim,0.52 kb,16 oct 22 11:46:33,100,Evaluare completa: 100 puncte,cpp,,2925855.cpp,,,https://www.infoarena.ro/job_detail/2925855
2925696,Blaugranas,Enal Gemaledin,nim,0.20 kb,15 oct 22 21:31:15,100,Evaluare completa: 100 puncte,cpp,,2925696.cpp,,,https://www.infoarena.ro/job_detail/2925696
2924596,steve_warlock,stefan munteanu,nim,0.66 kb,5 oct 22 20:33:30,100,Evaluare completa: 100 puncte,cpp,,2924596.cpp,,,https://www.infoarena.ro/job_detail/2924596
2917158,mircea_007,Mircea Rebengiuc,nim,0.63 kb,3 aug 22 16:06:29,100,Evaluare completa: 100 puncte,cpp,,2917158.cpp,,,https://www.infoarena.ro/job_detail/2917158
2912204,_Fibonacci_,Caitaz,nim,0.45 kb,7 iul 22 12:21:49,100,Evaluare completa: 100 puncte,cpp,,2912204.cpp,,,https://www.infoarena.ro/job_detail/2912204
2912199,_Fibonacci_,Caitaz,nim,0.47 kb,7 iul 22 12:15:28,0,Evaluare completa: 0 puncte,cpp,,2912199.cpp,,,https://www.infoarena.ro/job_detail/2912199
2912025,Blaugranas,Enal Gemaledin,nim,0.23 kb,6 iul 22 17:24:05,100,Evaluare completa: 100 puncte,cpp,,2912025.cpp,,,https://www.infoarena.ro/job_detail/2912025
2909294,mihneazzz,Macovei Daniel,nim,0.35 kb,12 iun 22 13:32:33,100,Evaluare completa: 100 puncte,cpp,,2909294.cpp,,,https://www.infoarena.ro/job_detail/2909294
2908976,AldeaAlexandra,Aldea Alexandra,nim,0.40 kb,7 iun 22 16:43:11,100,Evaluare completa: 100 puncte,cpp,,2908976.cpp,,,https://www.infoarena.ro/job_detail/2908976
2908975,AldeaAlexandra,Aldea Alexandra,nim,0.39 kb,7 iun 22 16:42:00,0,Evaluare completa: 0 puncte,cpp,,2908975.cpp,,,https://www.infoarena.ro/job_detail/2908975
2908732,Undergamer,rotariu dragos,nim,0.42 kb,5 iun 22 14:46:37,100,Evaluare completa: 100 puncte,cpp,,2908732.cpp,,,https://www.infoarena.ro/job_detail/2908732
2906967,Theo14,Ancuta Theodor,nim,0.41 kb,28 mai 22 09:17:07,100,Evaluare completa: 100 puncte,cpp,,2906967.cpp,,,https://www.infoarena.ro/job_detail/2906967
2906966,Theo14,Ancuta Theodor,nim,0.45 kb,28 mai 22 09:16:07,0,Evaluare completa: 0 puncte,cpp,,2906966.cpp,,,https://www.infoarena.ro/job_detail/2906966
2906850,un_fes_galben,daniel guba,nim,0.36 kb,27 mai 22 16:47:44,100,Evaluare completa: 100 puncte,cpp,,2906850.cpp,,,https://www.infoarena.ro/job_detail/2906850
2906839,Mihai_Darius,Darius Mihai,nim,0.36 kb,27 mai 22 16:38:00,100,Evaluare completa: 100 puncte,cpp,,2906839.cpp,,,https://www.infoarena.ro/job_detail/2906839
2905452,divaddd,David Curca,nim,0.39 kb,21 mai 22 19:36:06,100,Evaluare completa: 100 puncte,cpp,,2905452.cpp,,,https://www.infoarena.ro/job_detail/2905452
2897903,cezar.baluta,Cezar Baluta,nim,0.42 kb,5 mai 22 11:54:43,100,Evaluare completa: 100 puncte,cpp,,2897903.cpp,,,https://www.infoarena.ro/job_detail/2897903
2897241,_andrei4567,Stan Andrei,nim,0.39 kb,3 mai 22 09:53:59,100,Evaluare completa: 100 puncte,cpp,,2897241.cpp,,,https://www.infoarena.ro/job_detail/2897241
2890916,vlad2009,Vlad Tutunaru,nim,0.38 kb,16 apr 22 23:30:22,100,Evaluare completa: 100 puncte,cpp,,2890916.cpp,,,https://www.infoarena.ro/job_detail/2890916
2883182,petru-robu,Robu Petru,nim,0.38 kb,1 apr 22 11:41:36,100,Evaluare completa: 100 puncte,cpp,,2883182.cpp,,,https://www.infoarena.ro/job_detail/2883182
2881290,Vali_nnn,Valentin Nimigean,nim,0.42 kb,30 mar 22 13:41:26,100,Evaluare completa: 100 puncte,cpp,,2881290.cpp,,,https://www.infoarena.ro/job_detail/2881290
2879679,Nanu,Grancea Alexandru,nim,0.39 kb,28 mar 22 20:50:41,100,Evaluare completa: 100 puncte,cpp,,2879679.cpp,,,https://www.infoarena.ro/job_detail/2879679
2876672,BAlexandru,Borgovan Alexandru,nim,0.43 kb,23 mar 22 13:34:37,100,Evaluare completa: 100 puncte,cpp,,2876672.cpp,,,https://www.infoarena.ro/job_detail/2876672
2869319,mateitudordm,Dumitru Matei,nim,0.42 kb,11 mar 22 14:00:38,100,Evaluare completa: 100 puncte,cpp,,2869319.cpp,,,https://www.infoarena.ro/job_detail/2869319
2868658,alexmorosanu,Morosanu Alexandru,nim,0.40 kb,11 mar 22 08:59:18,100,Evaluare completa: 100 puncte,cpp,,2868658.cpp,,,https://www.infoarena.ro/job_detail/2868658
2867314,robertanechita1,Roberta Nechita,nim,0.46 kb,10 mar 22 11:58:09,100,Evaluare completa: 100 puncte,cpp,,2867314.cpp,,,https://www.infoarena.ro/job_detail/2867314
2867155,CristeaCristian,Cristea Cristian,nim,0.38 kb,10 mar 22 11:16:29,100,Evaluare completa: 100 puncte,cpp,,2867155.cpp,,,https://www.infoarena.ro/job_detail/2867155
2860800,andreiiorgulescu,andrei iorgulescu,nim,0.45 kb,3 mar 22 09:28:15,100,Evaluare completa: 100 puncte,cpp,,2860800.cpp,,,https://www.infoarena.ro/job_detail/2860800
2860798,andreiiorgulescu,andrei iorgulescu,nim,0.44 kb,3 mar 22 09:27:15,0,Evaluare completa: 0 puncte,cpp,,2860798.cpp,,,https://www.infoarena.ro/job_detail/2860798
2859883,AlexandruBenescu,Alexandru Benescu,nim,0.17 kb,2 mar 22 09:23:00,100,Evaluare completa: 100 puncte,cpp,,2859883.cpp,,,https://www.infoarena.ro/job_detail/2859883
2859880,AlexandruBenescu,Alexandru Benescu,nim,0.19 kb,2 mar 22 09:20:45,100,Evaluare completa: 100 puncte,cpp,,2859880.cpp,,,https://www.infoarena.ro/job_detail/2859880
2859878,AlexandruBenescu,Alexandru Benescu,nim,0.33 kb,2 mar 22 09:17:25,100,Evaluare completa: 100 puncte,cpp,,2859878.cpp,,,https://www.infoarena.ro/job_detail/2859878
2859377,DooMeD,Cristian Alexutan,nim,0.40 kb,1 mar 22 11:37:06,100,Evaluare completa: 100 puncte,cpp,,2859377.cpp,,,https://www.infoarena.ro/job_detail/2859377
2858905,bety,bety bety,nim,0.34 kb,28 feb 22 16:08:22,100,Evaluare completa: 100 puncte,cpp,,2858905.cpp,,,https://www.infoarena.ro/job_detail/2858905
2857991,andrei_marciuc,Marciuc Andrei,nim,0.49 kb,26 feb 22 19:20:41,100,Evaluare completa: 100 puncte,cpp,,2857991.cpp,,,https://www.infoarena.ro/job_detail/2857991
2857870,apocal1ps13,Stefan Oprea Antoniu,nim,0.60 kb,26 feb 22 15:18:02,100,Evaluare completa: 100 puncte,cpp,,2857870.cpp,,,https://www.infoarena.ro/job_detail/2857870
2856604,Xyan,Eusebiu Pusca,nim,0.42 kb,24 feb 22 10:00:49,100,Evaluare completa: 100 puncte,cpp,,2856604.cpp,,,https://www.infoarena.ro/job_detail/2856604
2854521,AndreiAlexandru2k3,Ciucan Andrei Alexandru,nim,0.45 kb,21 feb 22 14:39:51,100,Evaluare completa: 100 puncte,cpp,,2854521.cpp,,,https://www.infoarena.ro/job_detail/2854521
2853261,cristianabalcanu,Cristiana Balcanu,nim,0.48 kb,20 feb 22 09:59:37,100,Evaluare completa: 100 puncte,cpp,,2853261.cpp,,,https://www.infoarena.ro/job_detail/2853261
2853258,cristianabalcanu,Cristiana Balcanu,nim,1.36 kb,20 feb 22 09:58:30,0,Evaluare completa: 0 puncte,cpp,,2853258.cpp,,,https://www.infoarena.ro/job_detail/2853258
2853257,ililog,Ilinca,nim,0.50 kb,20 feb 22 09:56:28,100,Evaluare completa: 100 puncte,cpp,,2853257.cpp,,,https://www.infoarena.ro/job_detail/2853257
2851288,StefanSan,Stanescu Stefan,nim,0.44 kb,18 feb 22 11:18:01,100,Evaluare completa: 100 puncte,cpp,,2851288.cpp,,,https://www.infoarena.ro/job_detail/2851288
2851104,cdenis,Covei Denis,nim,0.38 kb,18 feb 22 09:12:59,100,Evaluare completa: 100 puncte,cpp,,2851104.cpp,,,https://www.infoarena.ro/job_detail/2851104
2850218,levladiator,Dragutoiu Vlad-Ioan,nim,0.39 kb,16 feb 22 13:30:40,100,Evaluare completa: 100 puncte,cpp,,2850218.cpp,,,https://www.infoarena.ro/job_detail/2850218
2850215,valentinchipuc123,Valentin Chipuc,nim,0.39 kb,16 feb 22 13:28:36,100,Evaluare completa: 100 puncte,cpp,,2850215.cpp,,,https://www.infoarena.ro/job_detail/2850215
2848376,Vanilla,Soltan Marian,nim,2.32 kb,12 feb 22 14:34:11,100,Evaluare completa: 100 puncte,cpp,,2848376.cpp,,,https://www.infoarena.ro/job_detail/2848376
2847751,BalasaRadu,Balasa Radu,nim,0.40 kb,11 feb 22 13:20:44,100,Evaluare completa: 100 puncte,cpp,,2847751.cpp,,,https://www.infoarena.ro/job_detail/2847751
2846656,lucri,Luchian Cristian,nim,0.36 kb,9 feb 22 14:43:40,100,Evaluare completa: 100 puncte,cpp,,2846656.cpp,,,https://www.infoarena.ro/job_detail/2846656
2845514,Ianis,Belu Ianis,nim,0.40 kb,7 feb 22 22:19:42,100,Evaluare completa: 100 puncte,cpp,,2845514.cpp,,,https://www.infoarena.ro/job_detail/2845514
2838197,sireanu_vlad,Sireanu Vlad,nim,0.28 kb,23 ian 22 11:20:06,100,Evaluare completa: 100 puncte,cpp,,2838197.cpp,,,https://www.infoarena.ro/job_detail/2838197
2832259,VladNA,Negoita Vlad-Andrei,nim,0.38 kb,13 ian 22 11:18:17,100,Evaluare completa: 100 puncte,c,,2832259.c,,,https://www.infoarena.ro/job_detail/2832259
2827122,Freque,Alex Iordachescu,nim,0.51 kb,5 ian 22 13:28:22,100,Evaluare completa: 100 puncte,cpp,,2827122.cpp,,,https://www.infoarena.ro/job_detail/2827122
2819814,lolismek,Alex Jerpelea,nim,0.38 kb,19 dec 21 09:49:58,100,Evaluare completa: 100 puncte,cpp,,2819814.cpp,,,https://www.infoarena.ro/job_detail/2819814
2819456,Sorin123-21,Enachioiu Sorin-Catalin,nim,0.48 kb,18 dec 21 13:16:35,100,Evaluare completa: 100 puncte,cpp,,2819456.cpp,,,https://www.infoarena.ro/job_detail/2819456
2812328,cezar_titianu,Titianu Cezar,nim,0.34 kb,4 dec 21 13:24:02,100,Evaluare completa: 100 puncte,cpp,,2812328.cpp,,,https://www.infoarena.ro/job_detail/2812328
2810302,UnknownPercentage,Buca Mihnea-Vicentiu,nim,0.64 kb,28 nov 21 23:37:41,100,Evaluare completa: 100 puncte,cpp,,2810302.cpp,,,https://www.infoarena.ro/job_detail/2810302
2810300,UnknownPercentage,Buca Mihnea-Vicentiu,nim,0.64 kb,28 nov 21 23:37:00,0,Eroare de compilare: 0 puncte,cpp,,2810300.cpp,,,https://www.infoarena.ro/job_detail/2810300
2810299,UnknownPercentage,Buca Mihnea-Vicentiu,nim,0.64 kb,28 nov 21 23:36:48,0,Eroare de compilare: 0 puncte,cpp,,2810299.cpp,,,https://www.infoarena.ro/job_detail/2810299
2809434,Arsenie,Arsenie Vlas,nim,0.82 kb,26 nov 21 23:42:14,100,Evaluare completa: 100 puncte,cpp,,2809434.cpp,,,https://www.infoarena.ro/job_detail/2809434
2806508,Asgari_Armin,Armin Asgari,nim,0.38 kb,22 nov 21 18:40:40,100,Evaluare completa: 100 puncte,cpp,,2806508.cpp,,,https://www.infoarena.ro/job_detail/2806508
2806427,Xutzu358,Ignat Alex,nim,0.42 kb,22 nov 21 17:17:59,100,Evaluare completa: 100 puncte,cpp,,2806427.cpp,,,https://www.infoarena.ro/job_detail/2806427
2806424,Xutzu358,Ignat Alex,nim,0.42 kb,22 nov 21 17:17:02,100,Evaluare completa: 100 puncte,cpp,,2806424.cpp,,,https://www.infoarena.ro/job_detail/2806424
2797053,Edyci123,Bicu Codrut Eduard,nim,0.43 kb,9 nov 21 10:50:57,100,Evaluare completa: 100 puncte,cpp,,2797053.cpp,,,https://www.infoarena.ro/job_detail/2797053
2796463,Matei_Panzariu,Matei Panzariu,nim,0.40 kb,8 nov 21 08:50:24,100,Evaluare completa: 100 puncte,cpp,,2796463.cpp,,,https://www.infoarena.ro/job_detail/2796463
2790156,Robys01,Robert S.,nim,0.47 kb,28 oct 21 15:15:31,100,Evaluare completa: 100 puncte,cpp,,2790156.cpp,,,https://www.infoarena.ro/job_detail/2790156
2789217,francescom_481,francesco martinut,nim,0.46 kb,27 oct 21 09:54:52,100,Evaluare completa: 100 puncte,cpp,,2789217.cpp,,,https://www.infoarena.ro/job_detail/2789217
2787774,C_Dany,Constantin Daniel,nim,0.41 kb,23 oct 21 23:58:22,100,Evaluare completa: 100 puncte,cpp,,2787774.cpp,,,https://www.infoarena.ro/job_detail/2787774
2787096,vmnechita,Nechita Vlad-Mihai,nim,0.39 kb,22 oct 21 14:56:13,100,Evaluare completa: 100 puncte,cpp,,2787096.cpp,,,https://www.infoarena.ro/job_detail/2787096
2786627,toma_ariciu,Ariciu Toma,nim,0.45 kb,21 oct 21 12:27:47,100,Evaluare completa: 100 puncte,cpp,,2786627.cpp,,,https://www.infoarena.ro/job_detail/2786627
2786424,bem.andrei,Iceman,nim,0.40 kb,20 oct 21 21:55:17,100,Evaluare completa: 100 puncte,cpp,,2786424.cpp,,,https://www.infoarena.ro/job_detail/2786424
2785170,star1star21,Stefan Birca,nim,0.86 kb,18 oct 21 09:00:16,100,Evaluare completa: 100 puncte,cpp,,2785170.cpp,,,https://www.infoarena.ro/job_detail/2785170
2784964,mihneadv@yahoo.com,David Mihnea Stefan,nim,0.42 kb,17 oct 21 19:12:29,100,Evaluare completa: 100 puncte,cpp,,2784964.cpp,,,https://www.infoarena.ro/job_detail/2784964
2784963,mihneadv@yahoo.com,David Mihnea Stefan,nim,0.40 kb,17 oct 21 19:11:38,0,Eroare de compilare: 0 puncte,cpp,,2784963.cpp,,,https://www.infoarena.ro/job_detail/2784963
2784961,mihneadv@yahoo.com,David Mihnea Stefan,nim,0.40 kb,17 oct 21 19:10:30,0,Eroare de compilare: 0 puncte,cpp,,2784961.cpp,,,https://www.infoarena.ro/job_detail/2784961
2784939,sims_gl,Alexandru Simion,nim,0.49 kb,17 oct 21 18:41:29,100,Evaluare completa: 100 puncte,cpp,,2784939.cpp,,,https://www.infoarena.ro/job_detail/2784939
2784932,sims_gl,Alexandru Simion,nim,0.43 kb,17 oct 21 18:37:51,0,Evaluare completa: 0 puncte,cpp,,2784932.cpp,,,https://www.infoarena.ro/job_detail/2784932
2784790,stefanlupoi1,Lupoi Stefan,nim,0.43 kb,17 oct 21 13:23:10,100,Evaluare completa: 100 puncte,cpp,,2784790.cpp,,,https://www.infoarena.ro/job_detail/2784790
2784718,sims_gl,Alexandru Simion,nim,0.43 kb,17 oct 21 09:40:38,0,Evaluare completa: 0 puncte,cpp,,2784718.cpp,,,https://www.infoarena.ro/job_detail/2784718
2784717,sims_gl,Alexandru Simion,nim,0.48 kb,17 oct 21 09:38:50,0,Evaluare completa: 0 puncte,cpp,,2784717.cpp,,,https://www.infoarena.ro/job_detail/2784717
2784220,alexdumitru,Alexandru Dumitru,nim,0.33 kb,16 oct 21 07:35:07,100,Evaluare completa: 100 puncte,cpp,,2784220.cpp,,,https://www.infoarena.ro/job_detail/2784220
2784144,TeodoraMaria123,Serban Teodora Maria,nim,0.39 kb,15 oct 21 21:27:21,100,Evaluare completa: 100 puncte,cpp,,2784144.cpp,,,https://www.infoarena.ro/job_detail/2784144
2784143,TeodoraMaria123,Serban Teodora Maria,nim,0.42 kb,15 oct 21 21:25:32,0,Evaluare completa: 0 puncte,cpp,,2784143.cpp,,,https://www.infoarena.ro/job_detail/2784143
2783908,ElizaT,Ella Rose,nim,0.43 kb,15 oct 21 12:36:59,100,Evaluare completa: 100 puncte,cpp,,2783908.cpp,,,https://www.infoarena.ro/job_detail/2783908
2783809,MohneaGosu,Mihnea Gusu,nim,0.37 kb,15 oct 21 09:22:37,100,Evaluare completa: 100 puncte,cpp,,2783809.cpp,,,https://www.infoarena.ro/job_detail/2783809
2783569,Cosmin2004_Info,Moldoveanu Cosmin,nim,0.40 kb,14 oct 21 18:42:57,100,Evaluare completa: 100 puncte,cpp,,2783569.cpp,,,https://www.infoarena.ro/job_detail/2783569
2783414,iancupopp,Popp Iancu Alexandru,nim,0.32 kb,14 oct 21 13:32:28,100,Evaluare completa: 100 puncte,cpp,,2783414.cpp,,,https://www.infoarena.ro/job_detail/2783414
2782348,alexsandulescu,Sandulescu Alexandru,nim,0.39 kb,12 oct 21 10:58:35,100,Evaluare completa: 100 puncte,cpp,,2782348.cpp,,,https://www.infoarena.ro/job_detail/2782348
2782347,alexsandulescu,Sandulescu Alexandru,nim,0.39 kb,12 oct 21 10:58:03,0,Evaluare completa: 0 puncte,cpp,,2782347.cpp,,,https://www.infoarena.ro/job_detail/2782347
2782346,alexsandulescu,Sandulescu Alexandru,nim,0.39 kb,12 oct 21 10:57:32,0,Eroare de compilare: 0 puncte,cpp,,2782346.cpp,,,https://www.infoarena.ro/job_detail/2782346
2781844,iulianarsenoiu,Arsenoiu Iulian,nim,0.44 kb,10 oct 21 16:58:16,100,Evaluare completa: 100 puncte,cpp,,2781844.cpp,,,https://www.infoarena.ro/job_detail/2781844
2779557,Blaugranas,Enal Gemaledin,nim,0.26 kb,4 oct 21 10:39:54,100,Evaluare completa: 100 puncte,cpp,,2779557.cpp,,,https://www.infoarena.ro/job_detail/2779557
2779556,Blaugranas,Enal Gemaledin,nim,0.26 kb,4 oct 21 10:39:13,0,Evaluare completa: 0 puncte,cpp,,2779556.cpp,,,https://www.infoarena.ro/job_detail/2779556
2776245,Blaugranas,Enal Gemaledin,nim,0.26 kb,19 sep 21 07:45:58,100,Evaluare completa: 100 puncte,cpp,,2776245.cpp,,,https://www.infoarena.ro/job_detail/2776245
2776240,BogdanRazvan,Bogdan Razvan,nim,0.58 kb,19 sep 21 01:42:04,100,Evaluare completa: 100 puncte,cpp,,2776240.cpp,,,https://www.infoarena.ro/job_detail/2776240
2776239,BogdanRazvan,Bogdan Razvan,nim,0.58 kb,19 sep 21 01:42:04,100,Evaluare completa: 100 puncte,cpp,,2776239.cpp,,,https://www.infoarena.ro/job_detail/2776239
2775662,toma_ariciu,Ariciu Toma,nim,0.45 kb,16 sep 21 18:02:17,100,Evaluare completa: 100 puncte,cpp,,2775662.cpp,,,https://www.infoarena.ro/job_detail/2775662
2774529,Blaugranas,Enal Gemaledin,nim,0.28 kb,11 sep 21 20:20:09,100,Evaluare completa: 100 puncte,c,,2774529.c,,,https://www.infoarena.ro/job_detail/2774529
2771609,andrei_C1,Andrei Chertes,nim,0.39 kb,28 aug 21 12:37:05,100,Evaluare completa: 100 puncte,cpp,,2771609.cpp,,,https://www.infoarena.ro/job_detail/2771609
2768902,Blaugranas,Enal Gemaledin,nim,0.27 kb,12 aug 21 16:09:23,100,Evaluare completa: 100 puncte,c,,2768902.c,,,https://www.infoarena.ro/job_detail/2768902
2766588,rares89_,Dumitriu Rares,nim,0.42 kb,2 aug 21 14:01:24,100,Evaluare completa: 100 puncte,cpp,,2766588.cpp,,,https://www.infoarena.ro/job_detail/2766588
2764824,pifa,Dumitru Andrei Denis,nim,0.42 kb,22 iul 21 19:34:22,100,Evaluare completa: 100 puncte,cpp,,2764824.cpp,,,https://www.infoarena.ro/job_detail/2764824
2763055,Maftei_Tudor,Maftei Tudor,nim,0.38 kb,11 iul 21 13:08:18,100,Evaluare completa: 100 puncte,cpp,,2763055.cpp,,,https://www.infoarena.ro/job_detail/2763055
2760444,mihnea_buzoiu,Mihnea Buzoiu,nim,0.49 kb,26 iun 21 14:39:40,100,Evaluare completa: 100 puncte,cpp,,2760444.cpp,,,https://www.infoarena.ro/job_detail/2760444
2760293,mihnea_buzoiu,Mihnea Buzoiu,nim,0.44 kb,24 iun 21 17:42:32,0,Evaluare completa: 0 puncte,cpp,,2760293.cpp,,,https://www.infoarena.ro/job_detail/2760293
2759126,LucaMihaiLM10,Luca Ilie,nim,0.56 kb,15 iun 21 16:18:04,100,Evaluare completa: 100 puncte,c,,2759126.c,,,https://www.infoarena.ro/job_detail/2759126
2759111,lahayon,Tester,nim,0.51 kb,15 iun 21 15:18:52,100,Evaluare completa: 100 puncte,cpp,,2759111.cpp,,,https://www.infoarena.ro/job_detail/2759111
2759110,lahayon,Tester,nim,0.51 kb,15 iun 21 15:17:04,0,Eroare de compilare: 0 puncte,cpp,,2759110.cpp,,,https://www.infoarena.ro/job_detail/2759110
2753908,stefanvoica,Voica Stefan,nim,0.41 kb,24 mai 21 18:00:46,100,Evaluare completa: 100 puncte,cpp,,2753908.cpp,,,https://www.infoarena.ro/job_detail/2753908
2751412,redstonegamer22,Andrei Ion,nim,0.88 kb,14 mai 21 22:40:33,100,Evaluare completa: 100 puncte,rust,,2751412.rs,,,https://www.infoarena.ro/job_detail/2751412
2751398,MateGM,Gozner Mate,nim,0.45 kb,14 mai 21 22:15:58,100,Evaluare completa: 100 puncte,cpp,,2751398.cpp,,,https://www.infoarena.ro/job_detail/2751398
2749201,Razvan48,Capatina Razvan Nicolae,nim,0.57 kb,5 mai 21 19:12:07,100,Evaluare completa: 100 puncte,cpp,,2749201.cpp,,,https://www.infoarena.ro/job_detail/2749201
2746995,Andreibatman,Andrei Croitoriu,nim,0.38 kb,28 apr 21 19:08:13,100,Evaluare completa: 100 puncte,cpp,,2746995.cpp,,,https://www.infoarena.ro/job_detail/2746995
2737084,stefantaga,Taga Stefan,nim,0.44 kb,4 apr 21 13:39:26,100,Evaluare completa: 100 puncte,cpp,,2737084.cpp,,,https://www.infoarena.ro/job_detail/2737084
2733896,hhhhhhh,Andrei Boaca,nim,0.41 kb,31 mar 21 08:57:10,100,Evaluare completa: 100 puncte,cpp,,2733896.cpp,,,https://www.infoarena.ro/job_detail/2733896
2733680,oloeriudelia,Oloeriu Delia Ioana,nim,0.40 kb,30 mar 21 18:46:27,100,Evaluare completa: 100 puncte,cpp,,2733680.cpp,,,https://www.infoarena.ro/job_detail/2733680
2733616,smoc_georgemarian,Smoc George-Marian,nim,0.87 kb,30 mar 21 17:25:54,100,Evaluare completa: 100 puncte,cpp,,2733616.cpp,,,https://www.infoarena.ro/job_detail/2733616
2733611,smoc_georgemarian,Smoc George-Marian,nim,0.86 kb,30 mar 21 17:24:48,0,Evaluare completa: 0 puncte,cpp,,2733611.cpp,,,https://www.infoarena.ro/job_detail/2733611
2733599,smoc_georgemarian,Smoc George-Marian,nim,0.86 kb,30 mar 21 17:20:03,0,Evaluare completa: 0 puncte,cpp,,2733599.cpp,,,https://www.infoarena.ro/job_detail/2733599
2733583,tudosa.bogdan,Tudosa Eduard-Bogdan,nim,0.39 kb,30 mar 21 17:05:44,100,Evaluare completa: 100 puncte,cpp,,2733583.cpp,,,https://www.infoarena.ro/job_detail/2733583
2733578,tudosa.bogdan,Tudosa Eduard-Bogdan,nim,0.38 kb,30 mar 21 17:01:39,0,Evaluare completa: 0 puncte,cpp,,2733578.cpp,,,https://www.infoarena.ro/job_detail/2733578
2733574,tudosa.bogdan,Tudosa Eduard-Bogdan,nim,0.38 kb,30 mar 21 16:59:56,0,Eroare de compilare: 0 puncte,cpp,,2733574.cpp,,,https://www.infoarena.ro/job_detail/2733574
2727268,bety,bety bety,nim,0.45 kb,21 mar 21 18:27:00,100,Evaluare completa: 100 puncte,cpp,,2727268.cpp,,,https://www.infoarena.ro/job_detail/2727268
2724191,Gabriel_Dascalescu,Gabriel Dascalescu,nim,0.51 kb,16 mar 21 18:07:23,100,Evaluare completa: 100 puncte,cpp,,2724191.cpp,,,https://www.infoarena.ro/job_detail/2724191
2724189,Gabriel_Dascalescu,Gabriel Dascalescu,nim,0.49 kb,16 mar 21 18:06:19,0,Evaluare completa: 0 puncte,cpp,,2724189.cpp,,,https://www.infoarena.ro/job_detail/2724189
2724188,Gabriel_Dascalescu,Gabriel Dascalescu,nim,0.49 kb,16 mar 21 18:04:04,0,Evaluare completa: 0 puncte,cpp,,2724188.cpp,,,https://www.infoarena.ro/job_detail/2724188
2723010,Frostfire,Magirescu Tudor,nim,0.36 kb,13 mar 21 14:40:11,100,Evaluare completa: 100 puncte,cpp,,2723010.cpp,,,https://www.infoarena.ro/job_detail/2723010
2722646,Mariusblock,Moga Marius-Ioan,nim,0.44 kb,13 mar 21 09:26:12,100,Evaluare completa: 100 puncte,cpp,,2722646.cpp,,,https://www.infoarena.ro/job_detail/2722646
2721429,QwertyDvorak,Qwerty Dvorak,nim,0.46 kb,11 mar 21 19:48:21,100,Evaluare completa: 100 puncte,cpp,,2721429.cpp,,,https://www.infoarena.ro/job_detail/2721429
2719748,IoanaDraganescu,Ioana Draganescu,nim,0.49 kb,10 mar 21 11:38:21,100,Evaluare completa: 100 puncte,cpp,,2719748.cpp,,,https://www.infoarena.ro/job_detail/2719748
2706857,DragosC1,Dragos,nim,0.41 kb,15 feb 21 21:57:02,100,Evaluare completa: 100 puncte,cpp,,2706857.cpp,,,https://www.infoarena.ro/job_detail/2706857
2703341,mitocaru_mario,Mitocaru Mario-Alexandru,nim,0.36 kb,8 feb 21 11:32:25,100,Evaluare completa: 100 puncte,cpp,,2703341.cpp,,,https://www.infoarena.ro/job_detail/2703341
2702715,PaunDaria,Paun Daria,nim,1.55 kb,5 feb 21 16:14:54,100,Evaluare completa: 100 puncte,cpp,,2702715.cpp,,,https://www.infoarena.ro/job_detail/2702715
2702713,Ioana_Ciobotea,Ciobotea Ioana,nim,0.39 kb,5 feb 21 16:10:53,100,Evaluare completa: 100 puncte,cpp,,2702713.cpp,,,https://www.infoarena.ro/job_detail/2702713
2702459,proflaurian,Panaete Adrian,nim,0.37 kb,4 feb 21 10:26:57,100,Evaluare completa: 100 puncte,cpp,,2702459.cpp,,,https://www.infoarena.ro/job_detail/2702459
2702458,proflaurian,Panaete Adrian,nim,0.37 kb,4 feb 21 10:26:40,100,Evaluare completa: 100 puncte,cpp,,2702458.cpp,,,https://www.infoarena.ro/job_detail/2702458
2702216,cristia_razvan,Cristia Razvan,nim,0.44 kb,3 feb 21 10:43:24,100,Evaluare completa: 100 puncte,cpp,,2702216.cpp,,,https://www.infoarena.ro/job_detail/2702216
2702141,beingsebi,Popa Sebastian,nim,0.31 kb,2 feb 21 22:59:12,100,Evaluare completa: 100 puncte,cpp,,2702141.cpp,,,https://www.infoarena.ro/job_detail/2702141
2701790,Ioana_Gabor,Gabor Ioana,nim,0.43 kb,1 feb 21 18:45:35,100,Evaluare completa: 100 puncte,cpp,,2701790.cpp,,,https://www.infoarena.ro/job_detail/2701790
2700707,cyg_mihaiz,MIHAI ZARAFIU,nim,0.50 kb,28 ian 21 15:40:29,100,Evaluare completa: 100 puncte,cpp,,2700707.cpp,,,https://www.infoarena.ro/job_detail/2700707
2698269,chriss_b_001,Cristian Benghe,nim,0.40 kb,21 ian 21 16:40:20,100,Evaluare completa: 100 puncte,cpp,,2698269.cpp,,,https://www.infoarena.ro/job_detail/2698269
2698268,chriss_b_001,Cristian Benghe,nim,0.39 kb,21 ian 21 16:38:48,0,Evaluare completa: 0 puncte,cpp,,2698268.cpp,,,https://www.infoarena.ro/job_detail/2698268
2698084,SergiuS3003,Sergiu Stancu Nicolae,nim,0.43 kb,20 ian 21 21:40:33,100,Evaluare completa: 100 puncte,cpp,,2698084.cpp,,,https://www.infoarena.ro/job_detail/2698084
2695485,Argint_Theodora,Argint Maria Theodora,nim,0.45 kb,13 ian 21 12:43:12,100,Evaluare completa: 100 puncte,cpp,,2695485.cpp,,,https://www.infoarena.ro/job_detail/2695485
2695484,Argint_Theodora,Argint Maria Theodora,nim,0.43 kb,13 ian 21 12:36:28,0,Evaluare completa: 0 puncte,cpp,,2695484.cpp,,,https://www.infoarena.ro/job_detail/2695484
2695404,SerbaP123,Popescu Serban,nim,0.45 kb,12 ian 21 21:05:47,100,Evaluare completa: 100 puncte,cpp,,2695404.cpp,,,https://www.infoarena.ro/job_detail/2695404
2695175,AndreiAlexandru2k3,Ciucan Andrei Alexandru,nim,0.33 kb,11 ian 21 23:30:11,100,Evaluare completa: 100 puncte,cpp,,2695175.cpp,,,https://www.infoarena.ro/job_detail/2695175
2695007,ElizaT,Ella Rose,nim,0.43 kb,11 ian 21 14:54:41,100,Evaluare completa: 100 puncte,cpp,,2695007.cpp,,,https://www.infoarena.ro/job_detail/2695007
2695002,cezarada,Danciu Ana Cezara,nim,0.50 kb,11 ian 21 14:20:13,100,Evaluare completa: 100 puncte,cpp,,2695002.cpp,,,https://www.infoarena.ro/job_detail/2695002
2693062,TheGodFather2131,Alexandru Miclea,nim,0.94 kb,4 ian 21 17:55:19,100,Evaluare completa: 100 puncte,cpp,,2693062.cpp,,,https://www.infoarena.ro/job_detail/2693062
2691317,davidcotiga,cotiga david,nim,0.31 kb,28 dec 20 11:43:31,100,Evaluare completa: 100 puncte,cpp,,2691317.cpp,,,https://www.infoarena.ro/job_detail/2691317
2691088,Fantastic_Man,tudor voicu,nim,0.35 kb,26 dec 20 23:41:13,100,Evaluare completa: 100 puncte,cpp,,2691088.cpp,,,https://www.infoarena.ro/job_detail/2691088
2690603,Sochu,Darabaneanu Liviu Eugen,nim,0.55 kb,24 dec 20 20:57:42,100,Evaluare completa: 100 puncte,cpp,,2690603.cpp,,,https://www.infoarena.ro/job_detail/2690603
2689840,Y.Malmsteen,B.P.M.,nim,0.37 kb,22 dec 20 13:57:08,100,Evaluare completa: 100 puncte,cpp,,2689840.cpp,,,https://www.infoarena.ro/job_detail/2689840
2679963,LucaT,Tiron Luca,nim,0.39 kb,2 dec 20 08:32:10,100,Evaluare completa: 100 puncte,cpp,,2679963.cpp,,,https://www.infoarena.ro/job_detail/2679963
2679272,Dyadiana_H,Hincu Diana,nim,0.27 kb,30 nov 20 09:42:53,100,Evaluare completa: 100 puncte,cpp,,2679272.cpp,,,https://www.infoarena.ro/job_detail/2679272
2679124,StefanaBarila,Barila Stefana,nim,0.44 kb,29 nov 20 17:44:26,100,Evaluare completa: 100 puncte,cpp,,2679124.cpp,,,https://www.infoarena.ro/job_detail/2679124
2679121,StefanaBarila,Barila Stefana,nim,0.43 kb,29 nov 20 17:39:58,0,Evaluare completa: 0 puncte,cpp,,2679121.cpp,,,https://www.infoarena.ro/job_detail/2679121
2679054,OrzaSERBAN,Serban Orza,nim,0.40 kb,29 nov 20 14:50:30,100,Evaluare completa: 100 puncte,cpp,,2679054.cpp,,,https://www.infoarena.ro/job_detail/2679054
2679053,OrzaSERBAN,Serban Orza,nim,0.57 kb,29 nov 20 14:49:23,0,Evaluare completa: 0 puncte,cpp,,2679053.cpp,,,https://www.infoarena.ro/job_detail/2679053
2678444,Stefan_Domunco,Stefan Domunco,nim,0.47 kb,28 nov 20 12:53:56,100,Evaluare completa: 100 puncte,cpp,,2678444.cpp,,,https://www.infoarena.ro/job_detail/2678444
2678372,Cosmin2004_Info,Moldoveanu Cosmin,nim,0.40 kb,28 nov 20 12:13:26,100,Evaluare completa: 100 puncte,cpp,,2678372.cpp,,,https://www.infoarena.ro/job_detail/2678372
2678278,popashtefan10,Popa Stefan,nim,0.36 kb,28 nov 20 11:34:10,100,Evaluare completa: 100 puncte,cpp,,2678278.cpp,,,https://www.infoarena.ro/job_detail/2678278
2678187,alex_bb8,Banilean Alexandru-Ioan,nim,0.41 kb,28 nov 20 11:02:35,100,Evaluare completa: 100 puncte,cpp,,2678187.cpp,,,https://www.infoarena.ro/job_detail/2678187
2678130,Mathew2003,Barnea Matei,nim,0.30 kb,28 nov 20 10:41:44,100,Evaluare completa: 100 puncte,cpp,,2678130.cpp,,,https://www.infoarena.ro/job_detail/2678130
2678121,Mathew2003,Barnea Matei,nim,0.28 kb,28 nov 20 10:38:21,0,Evaluare completa: 0 puncte,cpp,,2678121.cpp,,,https://www.infoarena.ro/job_detail/2678121
2678119,Mathew2003,Barnea Matei,nim,0.28 kb,28 nov 20 10:36:43,0,Evaluare completa: 0 puncte,cpp,,2678119.cpp,,,https://www.infoarena.ro/job_detail/2678119
2673942,gavra_bogdan,Bogdan Gavra,nim,0.26 kb,18 nov 20 11:26:10,100,Evaluare completa: 100 puncte,cpp,,2673942.cpp,,,https://www.infoarena.ro/job_detail/2673942
2667139,akumaria,Patrascanu Andra-Maria,nim,0.39 kb,2 nov 20 22:16:23,100,Evaluare completa: 100 puncte,cpp,,2667139.cpp,,,https://www.infoarena.ro/job_detail/2667139
2662916,luchiancristian,Luchian Cristian,nim,0.40 kb,24 oct 20 20:24:35,100,Evaluare completa: 100 puncte,cpp,,2662916.cpp,,,https://www.infoarena.ro/job_detail/2662916
2659306,martinmiere133,Cranga Antonio,nim,0.53 kb,16 oct 20 15:28:52,100,Evaluare completa: 100 puncte,cpp,,2659306.cpp,,,https://www.infoarena.ro/job_detail/2659306
2659305,martinmiere133,Cranga Antonio,nim,0.53 kb,16 oct 20 15:28:25,0,Evaluare completa: 0 puncte,cpp,,2659305.cpp,,,https://www.infoarena.ro/job_detail/2659305
2656554,zarg169,Roxana,nim,0.57 kb,7 oct 20 23:05:34,100,Evaluare completa: 100 puncte,cpp,,2656554.cpp,,,https://www.infoarena.ro/job_detail/2656554
2648185,flv.gh,Gherasim Flavius-Sebastian,nim,0.36 kb,9 sep 20 12:34:15,100,Evaluare completa: 100 puncte,cpp,,2648185.cpp,,,https://www.infoarena.ro/job_detail/2648185
2646903,BogdanRazvan,Bogdan Razvan,nim,0.50 kb,2 sep 20 13:26:40,100,Evaluare completa: 100 puncte,cpp,,2646903.cpp,,,https://www.infoarena.ro/job_detail/2646903
2640142,proflaurian,Panaete Adrian,nim,0.40 kb,5 aug 20 13:13:25,100,Evaluare completa: 100 puncte,cpp,,2640142.cpp,,,https://www.infoarena.ro/job_detail/2640142
2637691,abcabc123,abc abc,nim,0.42 kb,24 iul 20 11:42:29,0,Evaluare completa: 0 puncte,cpp,,2637691.cpp,,,https://www.infoarena.ro/job_detail/2637691
2618717,nicolaefilat,Nicolae Filat,nim,0.48 kb,25 mai 20 20:09:34,100,Evaluare completa: 100 puncte,cpp,,2618717.cpp,,,https://www.infoarena.ro/job_detail/2618717
2614254,Mocalinno,Moca Andrei Catalin,nim,0.56 kb,11 mai 20 15:38:04,100,Evaluare completa: 100 puncte,cpp,,2614254.cpp,,,https://www.infoarena.ro/job_detail/2614254
2608470,MerlinTheWizard,Melvin Abibula,nim,0.47 kb,1 mai 20 13:33:58,100,Evaluare completa: 100 puncte,cpp,,2608470.cpp,,,https://www.infoarena.ro/job_detail/2608470
2605646,Alex_tz307,Lorintz Alexandru,nim,0.44 kb,25 apr 20 16:35:09,100,Evaluare completa: 100 puncte,cpp,,2605646.cpp,,,https://www.infoarena.ro/job_detail/2605646
2599915,CharacterMe,Character Me,nim,0.37 kb,11 apr 20 20:10:53,100,Evaluare completa: 100 puncte,cpp,,2599915.cpp,,,https://www.infoarena.ro/job_detail/2599915
2595959,mirceamaierean41,Mircea Maierean,nim,0.30 kb,8 apr 20 19:57:03,100,Evaluare completa: 100 puncte,cpp,,2595959.cpp,,,https://www.infoarena.ro/job_detail/2595959
2595131,mjmilan11,Mujdar Milan,nim,0.40 kb,7 apr 20 10:56:29,100,Evaluare completa: 100 puncte,cpp,,2595131.cpp,,,https://www.infoarena.ro/job_detail/2595131
2589839,sulzandrei,andrei,nim,0.44 kb,26 mar 20 23:19:14,100,Evaluare completa: 100 puncte,cpp,,2589839.cpp,,,https://www.infoarena.ro/job_detail/2589839
2582980,andreisontea01,Andrei Sontea,nim,0.47 kb,17 mar 20 16:46:00,100,Evaluare completa: 100 puncte,cpp,,2582980.cpp,,,https://www.infoarena.ro/job_detail/2582980
2581663,Rares31100,Popa Rares,nim,0.42 kb,15 mar 20 16:43:11,100,Evaluare completa: 100 puncte,cpp,,2581663.cpp,,,https://www.infoarena.ro/job_detail/2581663
2570345,NotTheBatman,Bruce Wayne,nim,0.45 kb,4 mar 20 16:17:09,100,Evaluare completa: 100 puncte,cpp,,2570345.cpp,,,https://www.infoarena.ro/job_detail/2570345
2570297,MichaelXcX,Ciuciulete Mihai,nim,0.52 kb,4 mar 20 15:59:25,100,Evaluare completa: 100 puncte,cpp,,2570297.cpp,,,https://www.infoarena.ro/job_detail/2570297
2570288,MichaelXcX,Ciuciulete Mihai,nim,0.65 kb,4 mar 20 15:55:59,100,Evaluare completa: 100 puncte,cpp,,2570288.cpp,,,https://www.infoarena.ro/job_detail/2570288
2561634,mihneacaz,Cazacu Mihnea,nim,0.42 kb,29 feb 20 00:36:08,100,Evaluare completa: 100 puncte,cpp,,2561634.cpp,,,https://www.infoarena.ro/job_detail/2561634
2558230,baltoi.teodor,Teodor Baltoi,nim,0.63 kb,26 feb 20 13:36:44,100,Evaluare completa: 100 puncte,cpp,,2558230.cpp,,,https://www.infoarena.ro/job_detail/2558230
2554749,Briana_Neagu,Neagu Briana,nim,0.43 kb,23 feb 20 12:53:13,100,Evaluare completa: 100 puncte,cpp,,2554749.cpp,,,https://www.infoarena.ro/job_detail/2554749
2549169,richardbaczur1,Baczur Richard,nim,0.53 kb,17 feb 20 12:59:04,100,Evaluare completa: 100 puncte,cpp,,2549169.cpp,,,https://www.infoarena.ro/job_detail/2549169
2547545,Dragos1226,Dragos Chileban,nim,0.39 kb,15 feb 20 14:08:10,100,Evaluare completa: 100 puncte,cpp,,2547545.cpp,,,https://www.infoarena.ro/job_detail/2547545
2547525,Mariusblock,Moga Marius-Ioan,nim,0.47 kb,15 feb 20 13:48:53,100,Evaluare completa: 100 puncte,cpp,,2547525.cpp,,,https://www.infoarena.ro/job_detail/2547525
2547518,andreighinea1,Ghinea Andrei-Robert,nim,0.43 kb,15 feb 20 13:46:23,100,Evaluare completa: 100 puncte,cpp,,2547518.cpp,,,https://www.infoarena.ro/job_detail/2547518
2544547,Mihai145,Oprea Mihai Adrian,nim,0.47 kb,12 feb 20 11:02:38,100,Evaluare completa: 100 puncte,cpp,,2544547.cpp,,,https://www.infoarena.ro/job_detail/2544547
2541804,AlexandruGabriel,Aliciuc Alexandru,nim,0.46 kb,8 feb 20 22:01:47,100,Evaluare completa: 100 puncte,cpp,,2541804.cpp,,,https://www.infoarena.ro/job_detail/2541804
2541801,AlexandruGabriel,Aliciuc Alexandru,nim,0.45 kb,8 feb 20 22:00:24,0,Evaluare completa: 0 puncte,cpp,,2541801.cpp,,,https://www.infoarena.ro/job_detail/2541801
2541023,flee123,Flee Bringa,nim,0.46 kb,7 feb 20 22:51:44,100,Evaluare completa: 100 puncte,cpp,,2541023.cpp,,,https://www.infoarena.ro/job_detail/2541023
2540252,Arthur901,Flaviu Pop,nim,0.97 kb,6 feb 20 21:36:29,100,Evaluare completa: 100 puncte,cpp,,2540252.cpp,,,https://www.infoarena.ro/job_detail/2540252
2540251,Arthur901,Flaviu Pop,nim,0.97 kb,6 feb 20 21:35:03,90,Evaluare completa: 90 puncte,cpp,,2540251.cpp,,,https://www.infoarena.ro/job_detail/2540251
2540244,Arthur901,Flaviu Pop,nim,0.90 kb,6 feb 20 21:22:19,0,Evaluare completa: 0 puncte,cpp,,2540244.cpp,,,https://www.infoarena.ro/job_detail/2540244
2540243,Arthur901,Flaviu Pop,nim,0.89 kb,6 feb 20 21:20:54,0,Evaluare completa: 0 puncte,cpp,,2540243.cpp,,,https://www.infoarena.ro/job_detail/2540243
2538446,Bodo171,Bogdan Pop,nim,0.30 kb,4 feb 20 19:10:26,80,Evaluare completa: 80 puncte,python,,2538446.py,,,https://www.infoarena.ro/job_detail/2538446
2538443,Bodo171,Bogdan Pop,nim,0.27 kb,4 feb 20 19:09:29,80,Evaluare completa: 80 puncte,python,,2538443.py,,,https://www.infoarena.ro/job_detail/2538443
2538440,Bodo171,Bogdan Pop,nim,0.28 kb,4 feb 20 19:08:17,80,Evaluare completa: 80 puncte,python,,2538440.py,,,https://www.infoarena.ro/job_detail/2538440
2530938,Stas,Brega Stanislav,nim,0.37 kb,25 ian 20 14:41:49,100,Evaluare completa: 100 puncte,cpp,,2530938.cpp,,,https://www.infoarena.ro/job_detail/2530938
2530369,andreiomd1,Onut Andrei,nim,0.61 kb,24 ian 20 18:24:45,100,Evaluare completa: 100 puncte,cpp,,2530369.cpp,,,https://www.infoarena.ro/job_detail/2530369
2529212,Elektryk,T E S L A  P E  F E L I E,nim,2.02 kb,23 ian 20 09:13:01,0,Evaluare completa: 0 puncte,cpp,,2529212.cpp,,,https://www.infoarena.ro/job_detail/2529212
2529145,Tudor06,MusatTudor,nim,0.47 kb,22 ian 20 23:16:48,100,Evaluare completa: 100 puncte,cpp,,2529145.cpp,,,https://www.infoarena.ro/job_detail/2529145
2524271,VladTiberiu,Mihailescu Vlad Tiberiu,nim,0.47 kb,15 ian 20 11:53:40,100,Evaluare completa: 100 puncte,cpp,,2524271.cpp,,,https://www.infoarena.ro/job_detail/2524271
2510250,bluestorm57,Vasile T,nim,0.40 kb,16 dec 19 09:34:09,100,Evaluare completa: 100 puncte,cpp,,2510250.cpp,,,https://www.infoarena.ro/job_detail/2510250
2509080,RadianEleven,Adrian Ariotn,nim,0.39 kb,13 dec 19 19:20:55,100,Evaluare completa: 100 puncte,cpp,,2509080.cpp,,,https://www.infoarena.ro/job_detail/2509080
2507751,nicu_ducal,Nicu Ducal,nim,0.47 kb,10 dec 19 19:45:22,100,Evaluare completa: 100 puncte,cpp,,2507751.cpp,,,https://www.infoarena.ro/job_detail/2507751
2507750,nicu_ducal,Nicu Ducal,nim,0.47 kb,10 dec 19 19:44:39,0,Evaluare completa: 0 puncte,cpp,,2507750.cpp,,,https://www.infoarena.ro/job_detail/2507750
2506987,euyo,Tukanul,nim,0.50 kb,9 dec 19 11:37:42,100,Evaluare completa: 100 puncte,c,,2506987.c,,,https://www.infoarena.ro/job_detail/2506987
2506117,cosmin1972,Nour Mihai-Cosmin,nim,0.45 kb,7 dec 19 15:33:52,100,Evaluare completa: 100 puncte,cpp,,2506117.cpp,,,https://www.infoarena.ro/job_detail/2506117
2503856,gabriel.badea,Gabriel Badea,nim,0.52 kb,3 dec 19 20:51:19,100,Evaluare completa: 100 puncte,c,,2503856.c,,,https://www.infoarena.ro/job_detail/2503856
2503657,Sho10,Andrei Alexandru,nim,0.82 kb,3 dec 19 17:16:50,100,Evaluare completa: 100 puncte,cpp,,2503657.cpp,,,https://www.infoarena.ro/job_detail/2503657
2503204,uvIanis,Ursu Ianis Vlad,nim,0.44 kb,2 dec 19 18:18:28,100,Evaluare completa: 100 puncte,cpp,,2503204.cpp,,,https://www.infoarena.ro/job_detail/2503204
2499190,AndreiStr,Andrei Stroici,nim,0.33 kb,25 nov 19 17:20:03,100,Evaluare completa: 100 puncte,cpp,,2499190.cpp,,,https://www.infoarena.ro/job_detail/2499190
2494044,Cezar211,Popoveniuc Cezar,nim,0.40 kb,17 nov 19 11:43:42,100,Evaluare completa: 100 puncte,cpp,,2494044.cpp,,,https://www.infoarena.ro/job_detail/2494044
2489366,bigmixer,Victor Purice,nim,1.12 kb,8 nov 19 17:47:51,100,Evaluare completa: 100 puncte,cpp,,2489366.cpp,,,https://www.infoarena.ro/job_detail/2489366
2489364,bigmixer,Victor Purice,nim,1.12 kb,8 nov 19 17:47:06,0,Evaluare completa: 0 puncte,cpp,,2489364.cpp,,,https://www.infoarena.ro/job_detail/2489364
2489363,bigmixer,Victor Purice,nim,1.11 kb,8 nov 19 17:46:31,0,Evaluare completa: 0 puncte,cpp,,2489363.cpp,,,https://www.infoarena.ro/job_detail/2489363
2488766,AndreiStr,Andrei Stroici,nim,0.37 kb,7 nov 19 16:48:10,0,Evaluare completa: 0 puncte,cpp,,2488766.cpp,,,https://www.infoarena.ro/job_detail/2488766
2488344,Antonio020712,Potra Antonio,nim,0.56 kb,6 nov 19 18:48:37,100,Evaluare completa: 100 puncte,cpp,,2488344.cpp,,,https://www.infoarena.ro/job_detail/2488344
2488343,cnamd,Tomsa Gelu,nim,0.38 kb,6 nov 19 18:47:10,100,Evaluare completa: 100 puncte,cpp,,2488343.cpp,,,https://www.infoarena.ro/job_detail/2488343
2488342,Antonio020712,Potra Antonio,nim,0.58 kb,6 nov 19 18:45:26,0,Evaluare completa: 0 puncte,cpp,,2488342.cpp,,,https://www.infoarena.ro/job_detail/2488342
2487090,armighe,Gheorghe Liviu Armand,nim,0.40 kb,3 nov 19 22:03:53,100,Evaluare completa: 100 puncte,cpp,,2487090.cpp,,,https://www.infoarena.ro/job_detail/2487090
2486507,verde.cristian2005,Verde Flaviu-Cristian,nim,0.36 kb,2 nov 19 23:29:13,100,Evaluare completa: 100 puncte,cpp,,2486507.cpp,,,https://www.infoarena.ro/job_detail/2486507
2483691,Kernelovic,Negrean Victor,nim,0.59 kb,30 oct 19 09:21:06,100,Evaluare completa: 100 puncte,cpp,,2483691.cpp,,,https://www.infoarena.ro/job_detail/2483691
2483687,Kernelovic,Negrean Victor,nim,0.58 kb,30 oct 19 09:14:32,70,Evaluare completa: 70 puncte,cpp,,2483687.cpp,,,https://www.infoarena.ro/job_detail/2483687
2483685,Kernelovic,Negrean Victor,nim,0.54 kb,30 oct 19 09:11:56,0,Evaluare completa: 0 puncte,cpp,,2483685.cpp,,,https://www.infoarena.ro/job_detail/2483685
2483684,Kernelovic,Negrean Victor,nim,0.54 kb,30 oct 19 09:10:26,0,Evaluare completa: 0 puncte,cpp,,2483684.cpp,,,https://www.infoarena.ro/job_detail/2483684
2482357,Nashik,Andrei Feodorov,nim,0.41 kb,28 oct 19 10:05:32,100,Evaluare completa: 100 puncte,cpp,,2482357.cpp,,,https://www.infoarena.ro/job_detail/2482357
2478139,xXoctavianXx,Stanescu Matei Octavian,nim,0.40 kb,21 oct 19 18:10:21,100,Evaluare completa: 100 puncte,cpp,,2478139.cpp,,,https://www.infoarena.ro/job_detail/2478139
2477703,Xsound,Cristian-Ioan Roman,nim,0.43 kb,20 oct 19 23:10:19,100,Evaluare completa: 100 puncte,cpp,,2477703.cpp,,,https://www.infoarena.ro/job_detail/2477703
2477516,ApetriiRadu,Apetrii Radu,nim,0.37 kb,20 oct 19 15:18:24,100,Evaluare completa: 100 puncte,cpp,,2477516.cpp,,,https://www.infoarena.ro/job_detail/2477516
2477054,Catalin_Griu,Griu Catalin,nim,0.44 kb,19 oct 19 16:41:18,100,Evaluare completa: 100 puncte,cpp,,2477054.cpp,,,https://www.infoarena.ro/job_detail/2477054
2475539,Horea_Mihai_Silaghi,Horea Mihai Silaghi,nim,0.41 kb,17 oct 19 08:34:06,100,Evaluare completa: 100 puncte,cpp,,2475539.cpp,,,https://www.infoarena.ro/job_detail/2475539
2475086,PatriciaCretoiu,Cretoiu Patricia,nim,0.30 kb,16 oct 19 11:00:38,100,Evaluare completa: 100 puncte,cpp,,2475086.cpp,,,https://www.infoarena.ro/job_detail/2475086
2472886,bogdanmica,mica bogdan,nim,0.29 kb,13 oct 19 08:23:24,100,Evaluare completa: 100 puncte,c,,2472886.c,,,https://www.infoarena.ro/job_detail/2472886
2470698,Matteoalexandru,Matteo Verzotti,nim,1.44 kb,9 oct 19 17:59:35,100,Evaluare completa: 100 puncte,cpp,,2470698.cpp,,,https://www.infoarena.ro/job_detail/2470698
2464911,Petrescu,Alexandru Petrescu,nim,0.48 kb,29 sep 19 09:09:45,100,Evaluare completa: 100 puncte,cpp,,2464911.cpp,,,https://www.infoarena.ro/job_detail/2464911
2461869,Kernelovic,Negrean Victor,nim,0.45 kb,26 sep 19 12:51:49,70,Evaluare completa: 70 puncte,cpp,,2461869.cpp,,,https://www.infoarena.ro/job_detail/2461869
2461867,Kernelovic,Negrean Victor,nim,0.47 kb,26 sep 19 12:50:23,70,Evaluare completa: 70 puncte,cpp,,2461867.cpp,,,https://www.infoarena.ro/job_detail/2461867
2460253,Kata,Isache Catalina,nim,0.40 kb,23 sep 19 10:29:13,100,Evaluare completa: 100 puncte,cpp,,2460253.cpp,,,https://www.infoarena.ro/job_detail/2460253
2459044,LorenaMaria,Hantig Lorena,nim,0.36 kb,22 sep 19 10:45:57,100,Evaluare completa: 100 puncte,cpp,,2459044.cpp,,,https://www.infoarena.ro/job_detail/2459044
2458836,alexradu04,Radu Alexandru,nim,0.48 kb,21 sep 19 16:49:39,100,Evaluare completa: 100 puncte,cpp,,2458836.cpp,,,https://www.infoarena.ro/job_detail/2458836
2458635,rares404,AlShaytan - Balasescu Rares,nim,0.69 kb,21 sep 19 11:18:43,100,Evaluare completa: 100 puncte,cpp,,2458635.cpp,,,https://www.infoarena.ro/job_detail/2458635
2458146,RaduToporan,Radu Toporan,nim,0.42 kb,19 sep 19 19:18:41,100,Evaluare completa: 100 puncte,cpp,,2458146.cpp,,,https://www.infoarena.ro/job_detail/2458146
2457928,Robert_VRV,Robert Vadastreanu,nim,0.41 kb,19 sep 19 09:29:02,100,Evaluare completa: 100 puncte,cpp,,2457928.cpp,,,https://www.infoarena.ro/job_detail/2457928
2457007,Mihai145,Oprea Mihai Adrian,nim,0.50 kb,16 sep 19 11:27:50,100,Evaluare completa: 100 puncte,cpp,,2457007.cpp,,,https://www.infoarena.ro/job_detail/2457007
2456877,Iulia14,iulia slanina,nim,0.42 kb,15 sep 19 18:33:54,100,Evaluare completa: 100 puncte,cpp,,2456877.cpp,,,https://www.infoarena.ro/job_detail/2456877
2456876,bogdanvladmihai,Bogdan Vlad-Mihai,nim,0.51 kb,15 sep 19 18:18:11,100,Evaluare completa: 100 puncte,cpp,,2456876.cpp,,,https://www.infoarena.ro/job_detail/2456876
2456875,bogdanvladmihai,Bogdan Vlad-Mihai,nim,0.49 kb,15 sep 19 18:16:48,70,Evaluare completa: 70 puncte,cpp,,2456875.cpp,,,https://www.infoarena.ro/job_detail/2456875
2455351,lucian2015,blaugranadevil,nim,0.31 kb,11 sep 19 15:12:08,100,Evaluare completa: 100 puncte,cpp,,2455351.cpp,,,https://www.infoarena.ro/job_detail/2455351
2450239,ejoi2019,Ejoi 2019,nim,1.02 kb,22 aug 19 13:27:07,100,Evaluare completa: 100 puncte,cpp,,2450239.cpp,,,https://www.infoarena.ro/job_detail/2450239
2450238,ejoi2019,Ejoi 2019,nim,0.95 kb,22 aug 19 13:25:12,0,Evaluare completa: 0 puncte,cpp,,2450238.cpp,,,https://www.infoarena.ro/job_detail/2450238
2450237,ejoi2019,Ejoi 2019,nim,0.95 kb,22 aug 19 13:25:12,0,Evaluare completa: 0 puncte,cpp,,2450237.cpp,,,https://www.infoarena.ro/job_detail/2450237
2450236,ejoi2019,Ejoi 2019,nim,0.95 kb,22 aug 19 13:24:25,0,Evaluare completa: 0 puncte,cpp,,2450236.cpp,,,https://www.infoarena.ro/job_detail/2450236
2449692,voyager,Sachelarie Bogdan,nim,0.28 kb,20 aug 19 14:36:46,80,Evaluare completa: 80 puncte,python,,2449692.py,,,https://www.infoarena.ro/job_detail/2449692
2442746,PredescuSebastianIon,Predescu Sebastian Ion,nim,0.37 kb,25 iul 19 10:41:10,100,Evaluare completa: 100 puncte,cpp,,2442746.cpp,,,https://www.infoarena.ro/job_detail/2442746
2442745,PredescuSebastianIon,Predescu Sebastian Ion,nim,0.37 kb,25 iul 19 10:40:51,0,Evaluare completa: 0 puncte,cpp,,2442745.cpp,,,https://www.infoarena.ro/job_detail/2442745
2442744,PredescuSebastianIon,Predescu Sebastian Ion,nim,0.37 kb,25 iul 19 10:39:07,0,Evaluare completa: 0 puncte,cpp,,2442744.cpp,,,https://www.infoarena.ro/job_detail/2442744
2442194,Leonard123,Mirt Leonard,nim,0.39 kb,23 iul 19 11:16:54,100,Evaluare completa: 100 puncte,cpp,,2442194.cpp,,,https://www.infoarena.ro/job_detail/2442194
2437486,red_devil99,Mancunian Red,nim,0.39 kb,9 iul 19 17:12:37,100,Evaluare completa: 100 puncte,cpp,,2437486.cpp,,,https://www.infoarena.ro/job_detail/2437486
2437484,red_devil99,Mancunian Red,nim,0.45 kb,9 iul 19 17:05:38,30,Evaluare completa: 30 puncte,cpp,,2437484.cpp,,,https://www.infoarena.ro/job_detail/2437484
2437480,red_devil99,Mancunian Red,nim,0.45 kb,9 iul 19 17:01:32,30,Evaluare completa: 30 puncte,cpp,,2437480.cpp,,,https://www.infoarena.ro/job_detail/2437480
2435424,Mortem,Plaiasu Iulia-Silvia,nim,0.16 kb,3 iul 19 22:53:06,100,Evaluare completa: 100 puncte,cpp,,2435424.cpp,,,https://www.infoarena.ro/job_detail/2435424
2435423,Mortem,Plaiasu Iulia-Silvia,nim,0.17 kb,3 iul 19 22:45:42,100,Evaluare completa: 100 puncte,cpp,,2435423.cpp,,,https://www.infoarena.ro/job_detail/2435423
2435420,Mortem,Plaiasu Iulia-Silvia,nim,0.31 kb,3 iul 19 22:37:33,100,Evaluare completa: 100 puncte,cpp,,2435420.cpp,,,https://www.infoarena.ro/job_detail/2435420
2434172,Shay,Teodor Matei,nim,0.84 kb,30 iun 19 21:45:39,100,Evaluare completa: 100 puncte,cpp,,2434172.cpp,,,https://www.infoarena.ro/job_detail/2434172
2434165,Shay,Teodor Matei,nim,0.63 kb,30 iun 19 21:17:41,100,Evaluare completa: 100 puncte,cpp,,2434165.cpp,,,https://www.infoarena.ro/job_detail/2434165
2434164,Shay,Teodor Matei,nim,0.64 kb,30 iun 19 21:13:40,100,Evaluare completa: 100 puncte,cpp,,2434164.cpp,,,https://www.infoarena.ro/job_detail/2434164
2434163,Shay,Teodor Matei,nim,0.63 kb,30 iun 19 20:52:15,100,Evaluare completa: 100 puncte,cpp,,2434163.cpp,,,https://www.infoarena.ro/job_detail/2434163
2433520,alexdumitrescu,Dumitrescu George Alex,nim,0.40 kb,27 iun 19 18:37:38,100,Evaluare completa: 100 puncte,cpp,,2433520.cpp,,,https://www.infoarena.ro/job_detail/2433520
2432502,Shay,Teodor Matei,nim,0.42 kb,23 iun 19 23:13:14,100,Evaluare completa: 100 puncte,cpp,,2432502.cpp,,,https://www.infoarena.ro/job_detail/2432502
2432501,Shay,Teodor Matei,nim,0.41 kb,23 iun 19 23:09:17,100,Evaluare completa: 100 puncte,cpp,,2432501.cpp,,,https://www.infoarena.ro/job_detail/2432501
2432437,mihai50000,Mihai-Cristian Popescu,nim,0.40 kb,23 iun 19 17:35:24,100,Evaluare completa: 100 puncte,cpp,,2432437.cpp,,,https://www.infoarena.ro/job_detail/2432437
2431240,rd211,Dinucu David,nim,0.47 kb,18 iun 19 18:38:39,100,Evaluare completa: 100 puncte,cpp,,2431240.cpp,,,https://www.infoarena.ro/job_detail/2431240
2431116,Razvanucu,Popan Razvan Calin,nim,0.37 kb,18 iun 19 09:19:04,100,Evaluare completa: 100 puncte,cpp,,2431116.cpp,,,https://www.infoarena.ro/job_detail/2431116
2427563,Prekzursil,Andrei Visalon,nim,0.50 kb,31 mai 19 23:31:51,100,Evaluare completa: 100 puncte,cpp,,2427563.cpp,,,https://www.infoarena.ro/job_detail/2427563
2426107,grecu_tudor,Grecu Tudor,nim,0.50 kb,26 mai 19 12:02:53,100,Evaluare completa: 100 puncte,c,,2426107.c,,,https://www.infoarena.ro/job_detail/2426107
2422282,AndreiDelta,Balanici Andrei Daniel,nim,0.38 kb,18 mai 19 12:30:07,100,Evaluare completa: 100 puncte,cpp,,2422282.cpp,,,https://www.infoarena.ro/job_detail/2422282
2421255,Blaugranas,Enal Gemaledin,nim,0.61 kb,14 mai 19 16:55:12,100,Evaluare completa: 100 puncte,cpp,,2421255.cpp,,,https://www.infoarena.ro/job_detail/2421255
2421254,Blaugranas,Enal Gemaledin,nim,0.86 kb,14 mai 19 16:53:06,100,Evaluare completa: 100 puncte,cpp,,2421254.cpp,,,https://www.infoarena.ro/job_detail/2421254
2419848,iani,Iani Biro,nim,0.41 kb,9 mai 19 17:36:38,100,Evaluare completa: 100 puncte,cpp,,2419848.cpp,,,https://www.infoarena.ro/job_detail/2419848
2419607,Alex18mai,Alex Enache,nim,1.03 kb,8 mai 19 22:20:39,100,Evaluare completa: 100 puncte,cpp,,2419607.cpp,,,https://www.infoarena.ro/job_detail/2419607
2419237,bananamandaone,Tudor Cosmin Oanea,nim,0.27 kb,7 mai 19 21:00:42,100,Evaluare completa: 100 puncte,cpp,,2419237.cpp,,,https://www.infoarena.ro/job_detail/2419237
2419236,bananamandaone,Tudor Cosmin Oanea,nim,0.43 kb,7 mai 19 20:59:44,100,Evaluare completa: 100 puncte,cpp,,2419236.cpp,,,https://www.infoarena.ro/job_detail/2419236
2419217,Semetg,Temes George,nim,0.48 kb,7 mai 19 20:15:19,100,Evaluare completa: 100 puncte,cpp,,2419217.cpp,,,https://www.infoarena.ro/job_detail/2419217
2416763,NToniBoSS,Nicolae Tonitza,nim,0.46 kb,28 apr 19 03:01:18,100,Evaluare completa: 100 puncte,cpp,,2416763.cpp,,,https://www.infoarena.ro/job_detail/2416763
2416280,eduardcadar,Cadar Eduard,nim,0.39 kb,27 apr 19 12:01:21,100,Evaluare completa: 100 puncte,cpp,,2416280.cpp,,,https://www.infoarena.ro/job_detail/2416280
2413243,DavidAA007,Apostol David,nim,0.42 kb,23 apr 19 10:30:38,100,Evaluare completa: 100 puncte,cpp,,2413243.cpp,,,https://www.infoarena.ro/job_detail/2413243
2412178,bilghin,Isleam Bilghin,nim,0.43 kb,21 apr 19 18:56:12,100,Evaluare completa: 100 puncte,cpp,,2412178.cpp,,,https://www.infoarena.ro/job_detail/2412178
2410082,zimbabue,Mariana Rusu,nim,0.38 kb,19 apr 19 18:27:40,100,Evaluare completa: 100 puncte,cpp,,2410082.cpp,,,https://www.infoarena.ro/job_detail/2410082
2408775,Dragono63,Stanciu Rares Stefan,nim,0.34 kb,18 apr 19 12:35:12,100,Evaluare completa: 100 puncte,cpp,,2408775.cpp,,,https://www.infoarena.ro/job_detail/2408775
2408772,bilghin,Isleam Bilghin,nim,0.43 kb,18 apr 19 12:33:19,100,Evaluare completa: 100 puncte,cpp,,2408772.cpp,,,https://www.infoarena.ro/job_detail/2408772
2408771,bilghin,Isleam Bilghin,nim,0.03 kb,18 apr 19 12:32:37,0,Eroare de compilare: 0 puncte,cpp,,2408771.cpp,,,https://www.infoarena.ro/job_detail/2408771
2406295,alexalghisi,Alghisi Alessandro meitatiidirect.ro,nim,0.41 kb,15 apr 19 16:58:10,100,Evaluare completa: 100 puncte,cpp,,2406295.cpp,,,https://www.infoarena.ro/job_detail/2406295
2406294,alexalghisi,Alghisi Alessandro meitatiidirect.ro,nim,0.92 kb,15 apr 19 16:57:44,0,Evaluare completa: 0 puncte,cpp,,2406294.cpp,,,https://www.infoarena.ro/job_detail/2406294
2405823,Bogauuu,Bogdan Ivancu,nim,0.41 kb,14 apr 19 23:32:08,100,Evaluare completa: 100 puncte,cpp,,2405823.cpp,,,https://www.infoarena.ro/job_detail/2405823
2405822,Bogauuu,Bogdan Ivancu,nim,0.49 kb,14 apr 19 23:29:08,90,Evaluare completa: 90 puncte,cpp,,2405822.cpp,,,https://www.infoarena.ro/job_detail/2405822
2405005,LeVladz,Ciuperceanu Vlad,nim,0.43 kb,13 apr 19 19:36:28,100,Evaluare completa: 100 puncte,cpp,,2405005.cpp,,,https://www.infoarena.ro/job_detail/2405005
2403740,Chirac_Matei,Chiriac Matei,nim,0.50 kb,11 apr 19 20:17:40,100,Evaluare completa: 100 puncte,cpp,,2403740.cpp,,,https://www.infoarena.ro/job_detail/2403740
2402390,1000,Sabin Ilegitim,nim,0.48 kb,10 apr 19 17:30:03,100,Evaluare completa: 100 puncte,cpp,,2402390.cpp,,,https://www.infoarena.ro/job_detail/2402390
2401686,MarianConstantin,Marian Constantin,nim,0.45 kb,9 apr 19 22:04:51,100,Evaluare completa: 100 puncte,cpp,,2401686.cpp,,,https://www.infoarena.ro/job_detail/2401686
2399354,ezioconnor,Vlad - Gabriel Iftimescu,nim,0.45 kb,7 apr 19 13:42:35,100,Evaluare completa: 100 puncte,cpp,,2399354.cpp,,,https://www.infoarena.ro/job_detail/2399354
2399145,Nicolaalexandra,Nicola Alexandra Mihaela,nim,0.38 kb,6 apr 19 23:24:14,100,Evaluare completa: 100 puncte,cpp,,2399145.cpp,,,https://www.infoarena.ro/job_detail/2399145
2393986,Radu_Filipescu,Filipescu Radu,nim,0.46 kb,1 apr 19 11:30:09,100,Evaluare completa: 100 puncte,cpp,,2393986.cpp,,,https://www.infoarena.ro/job_detail/2393986
2393623,IoanaDraganescu,Ioana Draganescu,nim,0.49 kb,31 mar 19 19:15:12,100,Evaluare completa: 100 puncte,cpp,,2393623.cpp,,,https://www.infoarena.ro/job_detail/2393623
2392020,Blaugranas,Enal Gemaledin,nim,0.64 kb,29 mar 19 16:15:53,100,Evaluare completa: 100 puncte,cpp,,2392020.cpp,,,https://www.infoarena.ro/job_detail/2392020
2392017,Blaugranas,Enal Gemaledin,nim,0.63 kb,29 mar 19 16:12:56,60,Evaluare completa: 60 puncte,cpp,,2392017.cpp,,,https://www.infoarena.ro/job_detail/2392017
2392014,Blaugranas,Enal Gemaledin,nim,0.64 kb,29 mar 19 16:12:21,80,Evaluare completa: 80 puncte,cpp,,2392014.cpp,,,https://www.infoarena.ro/job_detail/2392014
2392011,Blaugranas,Enal Gemaledin,nim,0.54 kb,29 mar 19 16:09:36,80,Evaluare completa: 80 puncte,cpp,,2392011.cpp,,,https://www.infoarena.ro/job_detail/2392011
2389867,elenaisaia,Elena Isaia,nim,0.43 kb,27 mar 19 15:45:59,100,Evaluare completa: 100 puncte,cpp,,2389867.cpp,,,https://www.infoarena.ro/job_detail/2389867
2389863,iarinatudor,Tudor Iarina Maria,nim,0.40 kb,27 mar 19 15:45:23,100,Evaluare completa: 100 puncte,cpp,,2389863.cpp,,,https://www.infoarena.ro/job_detail/2389863
2389853,vlad_schiller,Schiller Vlad Radu,nim,0.37 kb,27 mar 19 15:39:48,100,Evaluare completa: 100 puncte,cpp,,2389853.cpp,,,https://www.infoarena.ro/job_detail/2389853
2389844,victorv88,Veltan Victor,nim,0.46 kb,27 mar 19 15:28:51,100,Evaluare completa: 100 puncte,cpp,,2389844.cpp,,,https://www.infoarena.ro/job_detail/2389844
2386680,Alex_Bub,Buburuzan Alexandru,nim,0.37 kb,23 mar 19 13:58:39,100,Evaluare completa: 100 puncte,cpp,,2386680.cpp,,,https://www.infoarena.ro/job_detail/2386680
2386594,Vladv01,Vlad Vladut,nim,0.43 kb,23 mar 19 11:42:38,100,Evaluare completa: 100 puncte,cpp,,2386594.cpp,,,https://www.infoarena.ro/job_detail/2386594
2386543,Horatio,Horatiu Duma,nim,0.83 kb,23 mar 19 11:02:40,100,Evaluare completa: 100 puncte,cpp,,2386543.cpp,,,https://www.infoarena.ro/job_detail/2386543
2386542,Horatio,Horatiu Duma,nim,0.76 kb,23 mar 19 11:01:44,0,Evaluare completa: 0 puncte,cpp,,2386542.cpp,,,https://www.infoarena.ro/job_detail/2386542
2386541,Horatio,Horatiu Duma,nim,0.75 kb,23 mar 19 11:00:56,30,Evaluare completa: 30 puncte,cpp,,2386541.cpp,,,https://www.infoarena.ro/job_detail/2386541
2386539,Horatio,Horatiu Duma,nim,1.90 kb,23 mar 19 11:00:07,0,Evaluare completa: 0 puncte,cpp,,2386539.cpp,,,https://www.infoarena.ro/job_detail/2386539
2386537,SweetHuman,Avram Gheorghe,nim,0.48 kb,23 mar 19 10:59:23,100,Evaluare completa: 100 puncte,cpp,,2386537.cpp,,,https://www.infoarena.ro/job_detail/2386537
2386527,Catalin_Borza,Borza Catalin-Mihai,nim,0.27 kb,23 mar 19 10:49:07,100,Evaluare completa: 100 puncte,cpp,,2386527.cpp,,,https://www.infoarena.ro/job_detail/2386527
2386076,butnaru_vlad2003,Butnaru Vlad,nim,0.46 kb,22 mar 19 09:44:12,100,Evaluare completa: 100 puncte,cpp,,2386076.cpp,,,https://www.infoarena.ro/job_detail/2386076
2386075,butnaru_vlad2003,Butnaru Vlad,nim,0.46 kb,22 mar 19 09:44:12,100,Evaluare completa: 100 puncte,cpp,,2386075.cpp,,,https://www.infoarena.ro/job_detail/2386075
2384681,butnaru_vlad2003,Butnaru Vlad,nim,0.46 kb,21 mar 19 09:01:41,0,Evaluare completa: 0 puncte,cpp,,2384681.cpp,,,https://www.infoarena.ro/job_detail/2384681
2383466,petru.ciocirlan,Petru Ciocirlan,nim,0.46 kb,19 mar 19 15:48:15,100,Evaluare completa: 100 puncte,cpp,,2383466.cpp,,,https://www.infoarena.ro/job_detail/2383466
2383465,ciutanp,Ciuta Andrei Calin,nim,0.42 kb,19 mar 19 15:46:35,100,Evaluare completa: 100 puncte,cpp,,2383465.cpp,,,https://www.infoarena.ro/job_detail/2383465
2383445,petrisorvmy,Vamanu Petru Gabriel,nim,0.41 kb,19 mar 19 15:18:37,100,Evaluare completa: 100 puncte,cpp,,2383445.cpp,,,https://www.infoarena.ro/job_detail/2383445
2383431,cristiifrim,Ifrim Cristian,nim,0.47 kb,19 mar 19 15:11:51,100,Evaluare completa: 100 puncte,cpp,,2383431.cpp,,,https://www.infoarena.ro/job_detail/2383431
2377151,marian013,Giugioiu Marian Constantin,nim,0.41 kb,8 mar 19 22:25:26,100,Evaluare completa: 100 puncte,cpp,,2377151.cpp,,,https://www.infoarena.ro/job_detail/2377151
2376056,serbandoncean,Serban Doncean,nim,0.38 kb,8 mar 19 13:28:49,100,Evaluare completa: 100 puncte,cpp,,2376056.cpp,,,https://www.infoarena.ro/job_detail/2376056
2375351,Eric,Eric Vilcu,nim,0.32 kb,8 mar 19 08:08:27,100,Evaluare completa: 100 puncte,cpp,,2375351.cpp,,,https://www.infoarena.ro/job_detail/2375351
2373590,YouDontNeedMyName,Jurcut Paul,nim,0.39 kb,7 mar 19 14:27:13,100,Evaluare completa: 100 puncte,cpp,,2373590.cpp,,,https://www.infoarena.ro/job_detail/2373590
2372556,vladsirbu23,Vlad Sirbu,nim,0.42 kb,7 mar 19 09:53:15,100,Evaluare completa: 100 puncte,cpp,,2372556.cpp,,,https://www.infoarena.ro/job_detail/2372556
2371485,liviu2000,Dragomirescu Liviu,nim,0.46 kb,6 mar 19 17:51:03,100,Evaluare completa: 100 puncte,cpp,,2371485.cpp,,,https://www.infoarena.ro/job_detail/2371485
2370659,Haesteinn,Sabau Florin Vlad,nim,0.45 kb,6 mar 19 13:00:14,100,Evaluare completa: 100 puncte,cpp,,2370659.cpp,,,https://www.infoarena.ro/job_detail/2370659
2370527,waren4,Marius Radu,nim,0.48 kb,6 mar 19 12:32:14,100,Evaluare completa: 100 puncte,cpp,,2370527.cpp,,,https://www.infoarena.ro/job_detail/2370527
2369381,RussianSmoothCriminal,Rodion Raskolnikov,nim,0.55 kb,5 mar 19 22:50:09,100,Evaluare completa: 100 puncte,cpp,,2369381.cpp,,,https://www.infoarena.ro/job_detail/2369381
2368433,Vlad3108,Tir Vlad Ioan,nim,0.43 kb,5 mar 19 16:06:46,100,Evaluare completa: 100 puncte,cpp,,2368433.cpp,,,https://www.infoarena.ro/job_detail/2368433
2367522,alex.sirbu,Sirbu Alexandru,nim,0.44 kb,5 mar 19 11:13:39,100,Evaluare completa: 100 puncte,cpp,,2367522.cpp,,,https://www.infoarena.ro/job_detail/2367522
2364150,Stefan_Radu,Stefan Radu,nim,0.90 kb,3 mar 19 21:29:15,100,Evaluare completa: 100 puncte,cpp,,2364150.cpp,,,https://www.infoarena.ro/job_detail/2364150
2354871,OctavianVasile,VasileOctavian,nim,0.34 kb,25 feb 19 17:26:46,100,Evaluare completa: 100 puncte,cpp,,2354871.cpp,,,https://www.infoarena.ro/job_detail/2354871
2354396,ciutanp,Ciuta Andrei Calin,nim,0.41 kb,25 feb 19 11:49:38,100,Evaluare completa: 100 puncte,cpp,,2354396.cpp,,,https://www.infoarena.ro/job_detail/2354396
2330827,StefanZamfir,Stefan Zamfir,nim,0.50 kb,28 ian 19 20:59:06,100,Evaluare completa: 100 puncte,cpp,,2330827.cpp,,,https://www.infoarena.ro/job_detail/2330827
2327349,StefanZamfir,Stefan Zamfir,nim,0.14 kb,24 ian 19 17:32:59,0,Evaluare completa: 0 puncte,cpp,,2327349.cpp,,,https://www.infoarena.ro/job_detail/2327349
2318955,HedeaMihneA,Hedea Mihnea,nim,0.48 kb,13 ian 19 19:06:48,100,Evaluare completa: 100 puncte,cpp,,2318955.cpp,,,https://www.infoarena.ro/job_detail/2318955
2314783,IulianOleniuc,Iulian Oleniuc,nim,0.39 kb,9 ian 19 01:23:03,100,Evaluare completa: 100 puncte,cpp,,2314783.cpp,,,https://www.infoarena.ro/job_detail/2314783
2308962,FunnyStocky,Mihnea Andreescu,nim,0.53 kb,28 dec 18 09:34:22,100,Evaluare completa: 100 puncte,cpp,,2308962.cpp,,,https://www.infoarena.ro/job_detail/2308962
2308252,andrei20003,Ionescu Andrei,nim,0.25 kb,26 dec 18 18:36:52,100,Evaluare completa: 100 puncte,cpp,,2308252.cpp,,,https://www.infoarena.ro/job_detail/2308252
2307677,ApostolIlieDaniel,Apostol Daniel,nim,0.43 kb,25 dec 18 13:47:41,100,Evaluare completa: 100 puncte,cpp,,2307677.cpp,,,https://www.infoarena.ro/job_detail/2307677
2306508,Blaugranas,Enal Gemaledin,nim,0.27 kb,22 dec 18 14:30:36,100,Evaluare completa: 100 puncte,cpp,,2306508.cpp,,,https://www.infoarena.ro/job_detail/2306508
2305122,Mihai_Preda,Preda Mihai Dragos,nim,0.46 kb,19 dec 18 12:26:59,100,Evaluare completa: 100 puncte,cpp,,2305122.cpp,,,https://www.infoarena.ro/job_detail/2305122
2302137,borscalin,Calin-Stefan Georgescu,nim,0.57 kb,13 dec 18 20:49:25,100,Evaluare completa: 100 puncte,c,,2302137.c,,,https://www.infoarena.ro/job_detail/2302137
2302023,Blaugranas,Enal Gemaledin,nim,0.27 kb,13 dec 18 18:54:30,100,Evaluare completa: 100 puncte,c,,2302023.c,,,https://www.infoarena.ro/job_detail/2302023
2301334,danielsociu,Sociu Daniel,nim,0.33 kb,12 dec 18 20:48:59,100,Evaluare completa: 100 puncte,cpp,,2301334.cpp,,,https://www.infoarena.ro/job_detail/2301334
2300704,isav_costin,Vlad Costin Andrei,nim,0.48 kb,11 dec 18 21:20:57,100,Evaluare completa: 100 puncte,cpp,,2300704.cpp,,,https://www.infoarena.ro/job_detail/2300704
2300691,isav_costin,Vlad Costin Andrei,nim,0.64 kb,11 dec 18 21:14:30,100,Evaluare completa: 100 puncte,cpp,,2300691.cpp,,,https://www.infoarena.ro/job_detail/2300691
2297465,denmircea,Brasoveanu Mircea,nim,0.18 kb,5 dec 18 21:17:49,100,Evaluare completa: 100 puncte,cpp,,2297465.cpp,,,https://www.infoarena.ro/job_detail/2297465
2297463,denmircea,Brasoveanu Mircea,nim,0.29 kb,5 dec 18 21:16:47,100,Evaluare completa: 100 puncte,cpp,,2297463.cpp,,,https://www.infoarena.ro/job_detail/2297463
2295396,Botzki,Botzki,nim,0.53 kb,3 dec 18 17:13:55,100,Evaluare completa: 100 puncte,cpp,,2295396.cpp,,,https://www.infoarena.ro/job_detail/2295396
2292774,IordachescuAnca,FMI Iordachescu Anca Mihaela,nim,0.55 kb,29 nov 18 22:55:25,100,Evaluare completa: 100 puncte,cpp,,2292774.cpp,,,https://www.infoarena.ro/job_detail/2292774
2292179,radugnn,Gone Radu Mihnea,nim,0.39 kb,29 nov 18 07:25:15,100,Evaluare completa: 100 puncte,cpp,,2292179.cpp,,,https://www.infoarena.ro/job_detail/2292179
2291874,Liviu_Ionut_Moanta,Moanta Ionut Liviu,nim,0.47 kb,28 nov 18 18:38:48,100,Evaluare completa: 100 puncte,cpp,,2291874.cpp,,,https://www.infoarena.ro/job_detail/2291874
2291236,Raresr14,Rosca Rares,nim,0.37 kb,27 nov 18 19:47:04,100,Evaluare completa: 100 puncte,cpp,,2291236.cpp,,,https://www.infoarena.ro/job_detail/2291236
2290928,Ruxandra985,Nanu Ruxandra Laura,nim,0.45 kb,27 nov 18 10:35:35,100,Evaluare completa: 100 puncte,cpp,,2290928.cpp,,,https://www.infoarena.ro/job_detail/2290928
2290864,canmihai,Cancescu Mihai,nim,0.42 kb,27 nov 18 09:22:19,100,Evaluare completa: 100 puncte,cpp,,2290864.cpp,,,https://www.infoarena.ro/job_detail/2290864
2290861,DanutAldea,Danut Aldea,nim,0.35 kb,27 nov 18 09:18:05,100,Evaluare completa: 100 puncte,cpp,,2290861.cpp,,,https://www.infoarena.ro/job_detail/2290861
2290859,radugheo,Radu Mihai Gheorghe,nim,0.42 kb,27 nov 18 09:16:54,100,Evaluare completa: 100 puncte,cpp,,2290859.cpp,,,https://www.infoarena.ro/job_detail/2290859
2290857,RaduXD1,Nicolae Radu,nim,0.29 kb,27 nov 18 09:12:17,100,Evaluare completa: 100 puncte,cpp,,2290857.cpp,,,https://www.infoarena.ro/job_detail/2290857
2290856,AlexPascu007,Pascu Ionut Alexandru,nim,0.38 kb,27 nov 18 09:10:05,100,Evaluare completa: 100 puncte,cpp,,2290856.cpp,,,https://www.infoarena.ro/job_detail/2290856
2289587,ZappaMan,Iosif Adrian-Mihai,nim,0.54 kb,24 nov 18 21:25:36,100,Evaluare completa: 100 puncte,cpp,,2289587.cpp,,,https://www.infoarena.ro/job_detail/2289587
2289478,dey44and,Ioja Andrei-Iosif,nim,0.46 kb,24 nov 18 17:33:23,100,Evaluare completa: 100 puncte,cpp,,2289478.cpp,,,https://www.infoarena.ro/job_detail/2289478
2284949,rebecca0312,Andrei Rebecca,nim,0.44 kb,17 nov 18 19:46:33,100,Evaluare completa: 100 puncte,cpp,,2284949.cpp,,,https://www.infoarena.ro/job_detail/2284949
2283669,Dobricean_Ioan,Dobricean Ionut,nim,0.39 kb,15 nov 18 18:52:15,100,Evaluare completa: 100 puncte,cpp,,2283669.cpp,,,https://www.infoarena.ro/job_detail/2283669
2282884,Garboteialex,Garbotei Alex,nim,0.32 kb,14 nov 18 18:13:50,100,Evaluare completa: 100 puncte,cpp,,2282884.cpp,,,https://www.infoarena.ro/job_detail/2282884
2282743,cezar.plesca,Cezar Plesca,nim,0.42 kb,14 nov 18 14:22:41,100,Evaluare completa: 100 puncte,cpp,,2282743.cpp,,,https://www.infoarena.ro/job_detail/2282743
2282740,cezar.plesca,Cezar Plesca,nim,0.45 kb,14 nov 18 14:20:40,100,Evaluare completa: 100 puncte,cpp,,2282740.cpp,,,https://www.infoarena.ro/job_detail/2282740
2281574,Pety,Alexandru Peticaru,nim,0.37 kb,12 nov 18 15:19:04,100,Evaluare completa: 100 puncte,cpp,,2281574.cpp,,,https://www.infoarena.ro/job_detail/2281574
2281344,lucianistrati,Istrati Lucian,nim,0.51 kb,12 nov 18 08:23:14,100,Evaluare completa: 100 puncte,cpp,,2281344.cpp,,,https://www.infoarena.ro/job_detail/2281344
2281343,lucianistrati,Istrati Lucian,nim,0.51 kb,12 nov 18 08:22:12,0,Evaluare completa: 0 puncte,cpp,,2281343.cpp,,,https://www.infoarena.ro/job_detail/2281343
2274438,gabiluciu,Luciu Gabriel,nim,0.50 kb,1 nov 18 19:47:50,100,Evaluare completa: 100 puncte,cpp,,2274438.cpp,,,https://www.infoarena.ro/job_detail/2274438
2274434,gabiluciu,Luciu Gabriel,nim,0.53 kb,1 nov 18 19:45:11,20,Evaluare completa: 20 puncte,cpp,,2274434.cpp,,,https://www.infoarena.ro/job_detail/2274434
2274431,gabiluciu,Luciu Gabriel,nim,0.50 kb,1 nov 18 19:42:04,100,Evaluare completa: 100 puncte,cpp,,2274431.cpp,,,https://www.infoarena.ro/job_detail/2274431
2274420,StefanZamfir,Stefan Zamfir,nim,0.53 kb,1 nov 18 19:33:51,100,Evaluare completa: 100 puncte,cpp,,2274420.cpp,,,https://www.infoarena.ro/job_detail/2274420
2274418,gabiluciu,Luciu Gabriel,nim,0.47 kb,1 nov 18 19:33:27,100,Evaluare completa: 100 puncte,cpp,,2274418.cpp,,,https://www.infoarena.ro/job_detail/2274418
2274417,gabiluciu,Luciu Gabriel,nim,0.43 kb,1 nov 18 19:32:41,80,Evaluare completa: 80 puncte,cpp,,2274417.cpp,,,https://www.infoarena.ro/job_detail/2274417
2272850,Stefan_Piscu,Piscu Stefan Constantin,nim,0.41 kb,30 oct 18 18:42:54,100,Evaluare completa: 100 puncte,cpp,,2272850.cpp,,,https://www.infoarena.ro/job_detail/2272850
2272847,Stefan_Piscu,Piscu Stefan Constantin,nim,0.39 kb,30 oct 18 18:40:59,0,Evaluare completa: 0 puncte,cpp,,2272847.cpp,,,https://www.infoarena.ro/job_detail/2272847
2269871,AndreiCroitoru,Andrei Croitoru,nim,0.44 kb,26 oct 18 17:57:26,100,Evaluare completa: 100 puncte,cpp,,2269871.cpp,,,https://www.infoarena.ro/job_detail/2269871
2263442,roberttruta,Truta Robert,nim,0.39 kb,18 oct 18 18:04:57,100,Evaluare completa: 100 puncte,cpp,,2263442.cpp,,,https://www.infoarena.ro/job_detail/2263442
2260158,FunnyStocky,Mihnea Andreescu,nim,0.48 kb,14 oct 18 15:22:55,100,Evaluare completa: 100 puncte,cpp,,2260158.cpp,,,https://www.infoarena.ro/job_detail/2260158
2245963,53215343214,Nejneriu Mihai,nim,0.38 kb,26 sep 18 11:59:14,100,Evaluare completa: 100 puncte,cpp,,2245963.cpp,,,https://www.infoarena.ro/job_detail/2245963
2245962,53215343214,Nejneriu Mihai,nim,0.41 kb,26 sep 18 11:58:25,0,Evaluare completa: 0 puncte,cpp,,2245962.cpp,,,https://www.infoarena.ro/job_detail/2245962
2241985,3DwArD,Pauliuc Edward,nim,0.38 kb,17 sep 18 15:46:19,100,Evaluare completa: 100 puncte,cpp,,2241985.cpp,,,https://www.infoarena.ro/job_detail/2241985
2239067,topala.andrei,Topala Andrei,nim,0.43 kb,8 sep 18 21:10:19,100,Evaluare completa: 100 puncte,cpp,,2239067.cpp,,,https://www.infoarena.ro/job_detail/2239067
2237901,Dandeac,Dan Deac,nim,0.45 kb,3 sep 18 20:58:38,100,Evaluare completa: 100 puncte,cpp,,2237901.cpp,,,https://www.infoarena.ro/job_detail/2237901
2228399,mihaimusat.1998,Musat Mihai-Robert,nim,0.41 kb,3 aug 18 15:59:37,100,Evaluare completa: 100 puncte,cpp,,2228399.cpp,,,https://www.infoarena.ro/job_detail/2228399
2228315,Moise_Andrei,Moise Andrei,nim,0.45 kb,3 aug 18 13:20:50,100,Evaluare completa: 100 puncte,cpp,,2228315.cpp,,,https://www.infoarena.ro/job_detail/2228315
2226896,inquisitor,Anders,nim,1.85 kb,30 iul 18 19:31:19,100,Evaluare completa: 100 puncte,cpp,,2226896.cpp,,,https://www.infoarena.ro/job_detail/2226896
2226895,inquisitor,Anders,nim,1.25 kb,30 iul 18 19:30:40,100,Evaluare completa: 100 puncte,cpp,,2226895.cpp,,,https://www.infoarena.ro/job_detail/2226895
2226894,inquisitor,Anders,nim,1.19 kb,30 iul 18 19:29:46,100,Evaluare completa: 100 puncte,cpp,,2226894.cpp,,,https://www.infoarena.ro/job_detail/2226894
2226893,inquisitor,Anders,nim,1.25 kb,30 iul 18 19:29:04,100,Evaluare completa: 100 puncte,cpp,,2226893.cpp,,,https://www.infoarena.ro/job_detail/2226893
2226891,inquisitor,Anders,nim,1.24 kb,30 iul 18 19:28:12,100,Evaluare completa: 100 puncte,cpp,,2226891.cpp,,,https://www.infoarena.ro/job_detail/2226891
2226890,inquisitor,Anders,nim,1.24 kb,30 iul 18 19:27:57,100,Evaluare completa: 100 puncte,cpp,,2226890.cpp,,,https://www.infoarena.ro/job_detail/2226890
2226889,inquisitor,Anders,nim,1.21 kb,30 iul 18 19:27:29,100,Evaluare completa: 100 puncte,cpp,,2226889.cpp,,,https://www.infoarena.ro/job_detail/2226889
2226888,inquisitor,Anders,nim,1.18 kb,30 iul 18 19:26:28,100,Evaluare completa: 100 puncte,cpp,,2226888.cpp,,,https://www.infoarena.ro/job_detail/2226888
2226887,inquisitor,Anders,nim,0.86 kb,30 iul 18 19:23:58,100,Evaluare completa: 100 puncte,cpp,,2226887.cpp,,,https://www.infoarena.ro/job_detail/2226887
2226886,inquisitor,Anders,nim,0.86 kb,30 iul 18 19:23:44,100,Evaluare completa: 100 puncte,cpp,,2226886.cpp,,,https://www.infoarena.ro/job_detail/2226886
2226885,inquisitor,Anders,nim,0.86 kb,30 iul 18 19:22:58,100,Evaluare completa: 100 puncte,cpp,,2226885.cpp,,,https://www.infoarena.ro/job_detail/2226885
2226884,inquisitor,Anders,nim,0.86 kb,30 iul 18 19:22:38,100,Evaluare completa: 100 puncte,cpp,,2226884.cpp,,,https://www.infoarena.ro/job_detail/2226884
2226883,inquisitor,Anders,nim,0.86 kb,30 iul 18 19:22:16,100,Evaluare completa: 100 puncte,cpp,,2226883.cpp,,,https://www.infoarena.ro/job_detail/2226883
2226882,inquisitor,Anders,nim,0.86 kb,30 iul 18 19:21:23,100,Evaluare completa: 100 puncte,cpp,,2226882.cpp,,,https://www.infoarena.ro/job_detail/2226882
2226881,inquisitor,Anders,nim,0.86 kb,30 iul 18 19:21:06,100,Evaluare completa: 100 puncte,cpp,,2226881.cpp,,,https://www.infoarena.ro/job_detail/2226881
2226880,inquisitor,Anders,nim,0.86 kb,30 iul 18 19:20:44,70,Evaluare completa: 70 puncte,cpp,,2226880.cpp,,,https://www.infoarena.ro/job_detail/2226880
2226879,inquisitor,Anders,nim,0.86 kb,30 iul 18 19:20:21,100,Evaluare completa: 100 puncte,cpp,,2226879.cpp,,,https://www.infoarena.ro/job_detail/2226879
2226877,inquisitor,Anders,nim,0.87 kb,30 iul 18 19:18:33,100,Evaluare completa: 100 puncte,cpp,,2226877.cpp,,,https://www.infoarena.ro/job_detail/2226877
2226875,inquisitor,Anders,nim,0.84 kb,30 iul 18 19:16:56,0,Evaluare completa: 0 puncte,cpp,,2226875.cpp,,,https://www.infoarena.ro/job_detail/2226875
2226874,inquisitor,Anders,nim,0.84 kb,30 iul 18 19:16:27,0,Eroare de compilare: 0 puncte,cpp,,2226874.cpp,,,https://www.infoarena.ro/job_detail/2226874
2226873,inquisitor,Anders,nim,0.66 kb,30 iul 18 19:13:14,80,Evaluare completa: 80 puncte,cpp,,2226873.cpp,,,https://www.infoarena.ro/job_detail/2226873
2226872,inquisitor,Anders,nim,0.66 kb,30 iul 18 19:12:55,80,Evaluare completa: 80 puncte,cpp,,2226872.cpp,,,https://www.infoarena.ro/job_detail/2226872
2226871,inquisitor,Anders,nim,0.66 kb,30 iul 18 19:12:34,80,Evaluare completa: 80 puncte,cpp,,2226871.cpp,,,https://www.infoarena.ro/job_detail/2226871
2226870,inquisitor,Anders,nim,0.66 kb,30 iul 18 19:12:10,80,Evaluare completa: 80 puncte,cpp,,2226870.cpp,,,https://www.infoarena.ro/job_detail/2226870
2226869,inquisitor,Anders,nim,0.66 kb,30 iul 18 19:11:47,80,Evaluare completa: 80 puncte,cpp,,2226869.cpp,,,https://www.infoarena.ro/job_detail/2226869
2226868,inquisitor,Anders,nim,0.66 kb,30 iul 18 19:11:26,80,Evaluare completa: 80 puncte,cpp,,2226868.cpp,,,https://www.infoarena.ro/job_detail/2226868
2226867,inquisitor,Anders,nim,0.66 kb,30 iul 18 19:11:02,70,Evaluare completa: 70 puncte,cpp,,2226867.cpp,,,https://www.infoarena.ro/job_detail/2226867
2226866,inquisitor,Anders,nim,0.66 kb,30 iul 18 19:10:36,80,Evaluare completa: 80 puncte,cpp,,2226866.cpp,,,https://www.infoarena.ro/job_detail/2226866
2226865,inquisitor,Anders,nim,0.61 kb,30 iul 18 19:09:33,0,Evaluare completa: 0 puncte,cpp,,2226865.cpp,,,https://www.infoarena.ro/job_detail/2226865
2226863,inquisitor,Anders,nim,0.64 kb,30 iul 18 19:08:36,70,Evaluare completa: 70 puncte,cpp,,2226863.cpp,,,https://www.infoarena.ro/job_detail/2226863
2226860,inquisitor,Anders,nim,0.65 kb,30 iul 18 19:06:49,100,Evaluare completa: 100 puncte,cpp,,2226860.cpp,,,https://www.infoarena.ro/job_detail/2226860
2226859,inquisitor,Anders,nim,0.64 kb,30 iul 18 19:06:04,100,Evaluare completa: 100 puncte,cpp,,2226859.cpp,,,https://www.infoarena.ro/job_detail/2226859
2226858,inquisitor,Anders,nim,0.66 kb,30 iul 18 19:05:33,100,Evaluare completa: 100 puncte,cpp,,2226858.cpp,,,https://www.infoarena.ro/job_detail/2226858
2226856,inquisitor,Anders,nim,0.64 kb,30 iul 18 19:04:18,0,Evaluare completa: 0 puncte,cpp,,2226856.cpp,,,https://www.infoarena.ro/job_detail/2226856
2226852,inquisitor,Anders,nim,0.14 kb,30 iul 18 18:55:57,100,Evaluare completa: 100 puncte,cpp,,2226852.cpp,,,https://www.infoarena.ro/job_detail/2226852
2226849,inquisitor,Anders,nim,0.19 kb,30 iul 18 18:55:05,100,Evaluare completa: 100 puncte,cpp,,2226849.cpp,,,https://www.infoarena.ro/job_detail/2226849
2226848,inquisitor,Anders,nim,0.20 kb,30 iul 18 18:54:11,0,Evaluare completa: 0 puncte,cpp,,2226848.cpp,,,https://www.infoarena.ro/job_detail/2226848
2226846,inquisitor,Anders,nim,0.21 kb,30 iul 18 18:53:08,100,Evaluare completa: 100 puncte,cpp,,2226846.cpp,,,https://www.infoarena.ro/job_detail/2226846
2226845,inquisitor,Anders,nim,0.20 kb,30 iul 18 18:52:03,0,Evaluare completa: 0 puncte,cpp,,2226845.cpp,,,https://www.infoarena.ro/job_detail/2226845
2226840,inquisitor,Anders,nim,0.37 kb,30 iul 18 18:45:43,100,Evaluare completa: 100 puncte,cpp,,2226840.cpp,,,https://www.infoarena.ro/job_detail/2226840
2224661,Humiko,Postu Alexandru,nim,0.55 kb,24 iul 18 20:06:46,100,Evaluare completa: 100 puncte,cpp,,2224661.cpp,,,https://www.infoarena.ro/job_detail/2224661
2216802,Andrei-27,Arhire Andrei,nim,0.46 kb,27 iun 18 23:44:04,100,Evaluare completa: 100 puncte,cpp,,2216802.cpp,,,https://www.infoarena.ro/job_detail/2216802
2215006,ContDeRacist,AliniateEBlat,nim,0.46 kb,20 iun 18 18:26:44,100,Evaluare completa: 100 puncte,cpp,,2215006.cpp,,,https://www.infoarena.ro/job_detail/2215006
2214762,dahaandrei,Daha Andrei Codrin,nim,0.33 kb,20 iun 18 00:37:50,100,Evaluare completa: 100 puncte,cpp,,2214762.cpp,,,https://www.infoarena.ro/job_detail/2214762
2213774,vladth11,Vlad Haivas,nim,0.43 kb,17 iun 18 13:04:28,100,Evaluare completa: 100 puncte,cpp,,2213774.cpp,,,https://www.infoarena.ro/job_detail/2213774
2212958,dahaandrei,Daha Andrei Codrin,nim,0.35 kb,15 iun 18 14:01:49,100,Evaluare completa: 100 puncte,cpp,,2212958.cpp,,,https://www.infoarena.ro/job_detail/2212958
2212060,Tiberiu02,Tiberiu Musat,nim,0.98 kb,12 iun 18 23:23:15,0,Eroare de compilare: 0 puncte,c,,2212060.c,,,https://www.infoarena.ro/job_detail/2212060
2211371,b10nd3,Oana Mancu,nim,0.36 kb,10 iun 18 02:05:31,100,Evaluare completa: 100 puncte,cpp,,2211371.cpp,,,https://www.infoarena.ro/job_detail/2211371
2210585,caesar2001,Stoica Alexandru,nim,0.46 kb,7 iun 18 00:38:24,100,Evaluare completa: 100 puncte,cpp,,2210585.cpp,,,https://www.infoarena.ro/job_detail/2210585
2210542,stefdascalescu,Stefan Dascalescu,nim,0.39 kb,6 iun 18 22:23:07,100,Evaluare completa: 100 puncte,cpp,,2210542.cpp,,,https://www.infoarena.ro/job_detail/2210542
2209114,unknownperson,Bidasca Carina Georgiana,nim,0.42 kb,1 iun 18 19:13:29,100,Evaluare completa: 100 puncte,cpp,,2209114.cpp,,,https://www.infoarena.ro/job_detail/2209114
2201929,mihailraz,Mihail Turcan,nim,0.44 kb,6 mai 18 16:20:38,100,Evaluare completa: 100 puncte,cpp,,2201929.cpp,,,https://www.infoarena.ro/job_detail/2201929
2200918,Zanox,Nonea Victor,nim,0.42 kb,2 mai 18 21:35:09,100,Evaluare completa: 100 puncte,cpp,,2200918.cpp,,,https://www.infoarena.ro/job_detail/2200918
2200890,Vlad98,Popa Vlad-Gabriel,nim,0.53 kb,2 mai 18 21:16:07,100,Evaluare completa: 100 puncte,cpp,,2200890.cpp,,,https://www.infoarena.ro/job_detail/2200890
2200887,Vlad98,Popa Vlad-Gabriel,nim,0.52 kb,2 mai 18 21:15:02,0,Evaluare completa: 0 puncte,cpp,,2200887.cpp,,,https://www.infoarena.ro/job_detail/2200887
2200885,KenpachiDono,Andrei Grigoras,nim,0.58 kb,2 mai 18 21:14:03,100,Evaluare completa: 100 puncte,cpp,,2200885.cpp,,,https://www.infoarena.ro/job_detail/2200885
2200884,Cristina-Ramona,Mateescu Cristina,nim,0.46 kb,2 mai 18 21:13:18,100,Evaluare completa: 100 puncte,cpp,,2200884.cpp,,,https://www.infoarena.ro/job_detail/2200884
2200883,Vlad98,Popa Vlad-Gabriel,nim,0.40 kb,2 mai 18 21:12:14,0,Evaluare completa: 0 puncte,cpp,,2200883.cpp,,,https://www.infoarena.ro/job_detail/2200883
2200877,Cristina-Ramona,Mateescu Cristina,nim,0.36 kb,2 mai 18 21:07:00,0,Evaluare completa: 0 puncte,cpp,,2200877.cpp,,,https://www.infoarena.ro/job_detail/2200877
2200875,Seb16,Ungureanu Paul Sebastian,nim,0.34 kb,2 mai 18 21:05:30,100,Evaluare completa: 100 puncte,cpp,,2200875.cpp,,,https://www.infoarena.ro/job_detail/2200875
2200871,cristibogdan,Patrascu Cristian,nim,0.39 kb,2 mai 18 21:01:21,100,Evaluare completa: 100 puncte,cpp,,2200871.cpp,,,https://www.infoarena.ro/job_detail/2200871
2200870,Seb16,Ungureanu Paul Sebastian,nim,0.34 kb,2 mai 18 21:00:08,0,Evaluare completa: 0 puncte,cpp,,2200870.cpp,,,https://www.infoarena.ro/job_detail/2200870
2200869,AdrianNeata,Neata Adrian,nim,0.44 kb,2 mai 18 21:00:05,100,Evaluare completa: 100 puncte,c,,2200869.c,,,https://www.infoarena.ro/job_detail/2200869
2200867,cristibogdan,Patrascu Cristian,nim,0.37 kb,2 mai 18 20:58:22,0,Evaluare completa: 0 puncte,cpp,,2200867.cpp,,,https://www.infoarena.ro/job_detail/2200867
2200866,ButmalaiDan,Butmalai Dan,nim,0.25 kb,2 mai 18 20:58:21,100,Evaluare completa: 100 puncte,cpp,,2200866.cpp,,,https://www.infoarena.ro/job_detail/2200866
2200865,Vlad_lsc2008,Lungu Vlad,nim,0.42 kb,2 mai 18 20:55:56,100,Evaluare completa: 100 puncte,cpp,,2200865.cpp,,,https://www.infoarena.ro/job_detail/2200865
2200854,dorin31,Geman Dorin Andrei,nim,0.31 kb,2 mai 18 20:23:39,100,Evaluare completa: 100 puncte,cpp,,2200854.cpp,,,https://www.infoarena.ro/job_detail/2200854
2200780,tiberiu.bucur17,Tiberiu Constantin Emanoil Bucur,nim,0.50 kb,2 mai 18 16:15:35,100,Evaluare completa: 100 puncte,cpp,,2200780.cpp,,,https://www.infoarena.ro/job_detail/2200780
2199696,Anastasia11,Susciuc Anastasia,nim,0.39 kb,28 apr 18 19:07:15,100,Evaluare completa: 100 puncte,cpp,,2199696.cpp,,,https://www.infoarena.ro/job_detail/2199696
2198187,Garen456,Paun Tudor,nim,0.32 kb,23 apr 18 20:50:10,100,Evaluare completa: 100 puncte,cpp,,2198187.cpp,,,https://www.infoarena.ro/job_detail/2198187
2197006,Livcristi,Terebes Liviu,nim,0.43 kb,20 apr 18 21:13:20,100,Evaluare completa: 100 puncte,cpp,,2197006.cpp,,,https://www.infoarena.ro/job_detail/2197006
2196047,Constantin.,Dragancea Constantin,nim,0.36 kb,18 apr 18 10:16:07,100,Evaluare completa: 100 puncte,cpp,,2196047.cpp,,,https://www.infoarena.ro/job_detail/2196047
2196046,Constantin.,Dragancea Constantin,nim,0.34 kb,18 apr 18 10:13:28,100,Evaluare completa: 100 puncte,cpp,,2196046.cpp,,,https://www.infoarena.ro/job_detail/2196046
2196045,Constantin.,Dragancea Constantin,nim,0.36 kb,18 apr 18 10:12:15,0,Evaluare completa: 0 puncte,cpp,,2196045.cpp,,,https://www.infoarena.ro/job_detail/2196045
2196043,Constantin.,Dragancea Constantin,nim,0.36 kb,18 apr 18 10:10:30,0,Evaluare completa: 0 puncte,cpp,,2196043.cpp,,,https://www.infoarena.ro/job_detail/2196043
2195966,flibia,Visanu Cristian,nim,0.30 kb,17 apr 18 21:32:47,100,Evaluare completa: 100 puncte,cpp,,2195966.cpp,,,https://www.infoarena.ro/job_detail/2195966
2195280,PredaBoss,Preda Andrei,nim,0.43 kb,15 apr 18 21:15:18,100,Evaluare completa: 100 puncte,cpp,,2195280.cpp,,,https://www.infoarena.ro/job_detail/2195280
2189979,andreiomd1,Onut Andrei,nim,0.44 kb,29 mar 18 15:46:49,100,Evaluare completa: 100 puncte,cpp,,2189979.cpp,,,https://www.infoarena.ro/job_detail/2189979
2189963,alexsandulescu,Sandulescu Alexandru,nim,0.36 kb,29 mar 18 14:59:47,100,Evaluare completa: 100 puncte,cpp,,2189963.cpp,,,https://www.infoarena.ro/job_detail/2189963
2189930,bebeetare,predescu,nim,0.35 kb,29 mar 18 13:34:02,100,Evaluare completa: 100 puncte,cpp,,2189930.cpp,,,https://www.infoarena.ro/job_detail/2189930
2189929,Alexandruabcde,Dobleaga Alexandru,nim,0.42 kb,29 mar 18 13:33:52,100,Evaluare completa: 100 puncte,cpp,,2189929.cpp,,,https://www.infoarena.ro/job_detail/2189929
2185008,LucaCernescu,Cernescu Luca,nim,0.50 kb,24 mar 18 12:35:05,100,Evaluare completa: 100 puncte,cpp,,2185008.cpp,,,https://www.infoarena.ro/job_detail/2185008
2182440,ioanavasilescu,Ioana Vasilescu,nim,0.45 kb,22 mar 18 13:12:46,100,Evaluare completa: 100 puncte,cpp,,2182440.cpp,,,https://www.infoarena.ro/job_detail/2182440
2182229,andy1207,Cioltan Andrei,nim,0.41 kb,22 mar 18 11:20:46,100,Evaluare completa: 100 puncte,cpp,,2182229.cpp,,,https://www.infoarena.ro/job_detail/2182229
2182215,bogdi1,bogdan bancuta,nim,0.43 kb,22 mar 18 11:07:51,100,Evaluare completa: 100 puncte,cpp,,2182215.cpp,,,https://www.infoarena.ro/job_detail/2182215
2182213,TudoseSanziana,Tudose Sanziana,nim,0.39 kb,22 mar 18 11:06:13,100,Evaluare completa: 100 puncte,cpp,,2182213.cpp,,,https://www.infoarena.ro/job_detail/2182213
2182208,moise_alexandru,Moise Alexandru,nim,0.49 kb,22 mar 18 11:04:05,100,Evaluare completa: 100 puncte,cpp,,2182208.cpp,,,https://www.infoarena.ro/job_detail/2182208
2170432,RaduVF,Vintila Radu-Florian,nim,0.41 kb,15 mar 18 00:49:45,100,Evaluare completa: 100 puncte,cpp,,2170432.cpp,,,https://www.infoarena.ro/job_detail/2170432
2170430,RaduVF,Vintila Radu-Florian,nim,0.39 kb,15 mar 18 00:48:35,0,Evaluare completa: 0 puncte,cpp,,2170430.cpp,,,https://www.infoarena.ro/job_detail/2170430
2169847,Arctopus,Kacso Peter-Gabor,nim,0.39 kb,14 mar 18 18:14:28,100,Evaluare completa: 100 puncte,cpp,,2169847.cpp,,,https://www.infoarena.ro/job_detail/2169847
2169841,Arctopus,Kacso Peter-Gabor,nim,0.39 kb,14 mar 18 18:10:56,100,Evaluare completa: 100 puncte,cpp,,2169841.cpp,,,https://www.infoarena.ro/job_detail/2169841
2167695,Menta,Popa Marius-Catalin,nim,0.42 kb,13 mar 18 22:55:47,100,Evaluare completa: 100 puncte,cpp,,2167695.cpp,,,https://www.infoarena.ro/job_detail/2167695
2166981,Victor24,Vasiesiu Victor,nim,0.52 kb,13 mar 18 19:42:59,100,Evaluare completa: 100 puncte,cpp,,2166981.cpp,,,https://www.infoarena.ro/job_detail/2166981
2155205,shantih1,Alex S Hill,nim,0.29 kb,7 mar 18 18:04:34,100,Evaluare completa: 100 puncte,cpp,,2155205.cpp,,,https://www.infoarena.ro/job_detail/2155205
2154731,Y0da1,NUME JMECHER,nim,0.46 kb,7 mar 18 11:28:50,100,Evaluare completa: 100 puncte,cpp,,2154731.cpp,,,https://www.infoarena.ro/job_detail/2154731
2154725,Y0da1,NUME JMECHER,nim,0.46 kb,7 mar 18 11:13:14,0,Eroare de compilare: 0 puncte,cpp,,2154725.cpp,,,https://www.infoarena.ro/job_detail/2154725
2149687,razvan242,Zoltan Razvan-Daniel,nim,0.40 kb,2 mar 18 21:15:47,100,Evaluare completa: 100 puncte,cpp,,2149687.cpp,,,https://www.infoarena.ro/job_detail/2149687
2149686,razvan242,Zoltan Razvan-Daniel,nim,0.40 kb,2 mar 18 21:14:53,0,Evaluare completa: 0 puncte,cpp,,2149686.cpp,,,https://www.infoarena.ro/job_detail/2149686
2149499,sebi110,Ciobanu Sebastian,nim,0.40 kb,2 mar 18 18:00:49,100,Evaluare completa: 100 puncte,cpp,,2149499.cpp,,,https://www.infoarena.ro/job_detail/2149499
2143280,Menta,Popa Marius-Catalin,nim,0.40 kb,25 feb 18 19:30:21,0,Evaluare completa: 0 puncte,cpp,,2143280.cpp,,,https://www.infoarena.ro/job_detail/2143280
2143277,Menta,Popa Marius-Catalin,nim,0.42 kb,25 feb 18 19:29:16,100,Evaluare completa: 100 puncte,cpp,,2143277.cpp,,,https://www.infoarena.ro/job_detail/2143277
2142844,ZappaMan,Iosif Adrian-Mihai,nim,0.43 kb,25 feb 18 13:07:44,100,Evaluare completa: 100 puncte,cpp,,2142844.cpp,,,https://www.infoarena.ro/job_detail/2142844
2139647,radurotaru,Rotaru Radu Stefan,nim,0.40 kb,22 feb 18 18:01:40,100,Evaluare completa: 100 puncte,cpp,,2139647.cpp,,,https://www.infoarena.ro/job_detail/2139647
2139624,radurotaru,Rotaru Radu Stefan,nim,0.78 kb,22 feb 18 17:51:30,0,Evaluare completa: 0 puncte,cpp,,2139624.cpp,,,https://www.infoarena.ro/job_detail/2139624
2139609,radurotaru,Rotaru Radu Stefan,nim,0.64 kb,22 feb 18 17:38:47,0,Evaluare completa: 0 puncte,cpp,,2139609.cpp,,,https://www.infoarena.ro/job_detail/2139609
2138012,mihaigroza,Groza Mihai,nim,0.39 kb,21 feb 18 10:53:47,100,Evaluare completa: 100 puncte,cpp,,2138012.cpp,,,https://www.infoarena.ro/job_detail/2138012
2136702,ionanghelina,Ionut Anghelina,nim,0.43 kb,20 feb 18 09:52:29,100,Evaluare completa: 100 puncte,cpp,,2136702.cpp,,,https://www.infoarena.ro/job_detail/2136702
2132879,MacoveiTiberiu,macovei tiberiu,nim,0.38 kb,16 feb 18 10:35:46,0,Eroare de compilare: 0 puncte,cpp,,2132879.cpp,,,https://www.infoarena.ro/job_detail/2132879
2132878,MacoveiTiberiu,macovei tiberiu,nim,0.38 kb,16 feb 18 10:35:43,0,Eroare de compilare: 0 puncte,cpp,,2132878.cpp,,,https://www.infoarena.ro/job_detail/2132878
2132875,toadehu,Puscasu Razvan Stefan,nim,0.47 kb,16 feb 18 10:33:49,100,Evaluare completa: 100 puncte,cpp,,2132875.cpp,,,https://www.infoarena.ro/job_detail/2132875
2132873,MacoveiTiberiu,macovei tiberiu,nim,0.42 kb,16 feb 18 10:31:08,100,Evaluare completa: 100 puncte,cpp,,2132873.cpp,,,https://www.infoarena.ro/job_detail/2132873
2132866,Alex.P,Alexandru Pacurar,nim,0.89 kb,16 feb 18 10:26:19,100,Evaluare completa: 100 puncte,cpp,,2132866.cpp,,,https://www.infoarena.ro/job_detail/2132866
2130926,V3ctorZ,Stefan Nacuta,nim,0.42 kb,14 feb 18 08:31:20,100,Evaluare completa: 100 puncte,cpp,,2130926.cpp,,,https://www.infoarena.ro/job_detail/2130926
2130925,V3ctorZ,Stefan Nacuta,nim,0.43 kb,14 feb 18 08:30:44,0,Evaluare completa: 0 puncte,cpp,,2130925.cpp,,,https://www.infoarena.ro/job_detail/2130925
2128822,V3ctorZ,Stefan Nacuta,nim,0.48 kb,12 feb 18 09:26:37,0,Evaluare completa: 0 puncte,cpp,,2128822.cpp,,,https://www.infoarena.ro/job_detail/2128822
2128821,V3ctorZ,Stefan Nacuta,nim,0.47 kb,12 feb 18 09:25:32,0,Evaluare completa: 0 puncte,cpp,,2128821.cpp,,,https://www.infoarena.ro/job_detail/2128821
2127723,tudor199,G Tudor,nim,0.44 kb,10 feb 18 22:42:20,100,Evaluare completa: 100 puncte,cpp,,2127723.cpp,,,https://www.infoarena.ro/job_detail/2127723
2117122,LucaSeri,Seritan Luca,nim,0.38 kb,28 ian 18 16:18:05,100,Evaluare completa: 100 puncte,cpp,,2117122.cpp,,,https://www.infoarena.ro/job_detail/2117122
2105228,usureluflorian,Usurelu Florian-Robert,nim,0.38 kb,12 ian 18 20:56:10,100,Evaluare completa: 100 puncte,cpp,,2105228.cpp,,,https://www.infoarena.ro/job_detail/2105228
2102742,vladcoroian2001,Vlad Coroian,nim,0.42 kb,9 ian 18 14:09:53,100,Evaluare completa: 100 puncte,cpp,,2102742.cpp,,,https://www.infoarena.ro/job_detail/2102742
2102705,Mircea_Donciu,Donciu Mircea,nim,0.39 kb,9 ian 18 13:11:36,100,Evaluare completa: 100 puncte,cpp,,2102705.cpp,,,https://www.infoarena.ro/job_detail/2102705
2101373,Tyler_BMN,Ion Robert Gabriel,nim,0.33 kb,7 ian 18 12:46:34,100,Evaluare completa: 100 puncte,cpp,,2101373.cpp,,,https://www.infoarena.ro/job_detail/2101373
2100989,Sebi01,Who This,nim,0.29 kb,6 ian 18 17:58:40,100,Evaluare completa: 100 puncte,cpp,,2100989.cpp,,,https://www.infoarena.ro/job_detail/2100989
2100040,trifangrobert,Robert Trifan,nim,0.39 kb,5 ian 18 00:51:57,100,Evaluare completa: 100 puncte,cpp,,2100040.cpp,,,https://www.infoarena.ro/job_detail/2100040
2091633,ajecc,Ajechiloae Eugen,nim,1.50 kb,19 dec 17 22:39:12,100,Evaluare completa: 100 puncte,cpp,,2091633.cpp,,,https://www.infoarena.ro/job_detail/2091633
2083166,EuAlex,Otaku Hikikomori,nim,0.49 kb,7 dec 17 09:15:06,100,Evaluare completa: 100 puncte,cpp,,2083166.cpp,,,https://www.infoarena.ro/job_detail/2083166
2077362,patcasrares,patcas rares danut,nim,0.49 kb,27 nov 17 22:30:02,100,Evaluare completa: 100 puncte,cpp,,2077362.cpp,,,https://www.infoarena.ro/job_detail/2077362
2073635,datsick,Baciu Dan Stefan,nim,0.40 kb,23 nov 17 14:43:12,100,Evaluare completa: 100 puncte,cpp,,2073635.cpp,,,https://www.infoarena.ro/job_detail/2073635
2064301,Malig,Mamaliga cu smantana,nim,0.81 kb,12 nov 17 09:26:23,100,Evaluare completa: 100 puncte,cpp,,2064301.cpp,,,https://www.infoarena.ro/job_detail/2064301
2059035,Giuco,Ardelean George,nim,0.44 kb,6 nov 17 16:16:24,0,Evaluare completa: 0 puncte,cpp,,2059035.cpp,,,https://www.infoarena.ro/job_detail/2059035
2059031,Giuco,Ardelean George,nim,0.44 kb,6 nov 17 16:12:55,0,Evaluare completa: 0 puncte,cpp,,2059031.cpp,,,https://www.infoarena.ro/job_detail/2059031
2059028,MarcuMLM,Mischie Marcus Lionel,nim,0.40 kb,6 nov 17 16:11:33,100,Evaluare completa: 100 puncte,cpp,,2059028.cpp,,,https://www.infoarena.ro/job_detail/2059028
2059025,Giuco,Ardelean George,nim,0.43 kb,6 nov 17 16:11:00,0,Evaluare completa: 0 puncte,cpp,,2059025.cpp,,,https://www.infoarena.ro/job_detail/2059025
2059023,MarcuMLM,Mischie Marcus Lionel,nim,0.38 kb,6 nov 17 16:10:43,0,Evaluare completa: 0 puncte,cpp,,2059023.cpp,,,https://www.infoarena.ro/job_detail/2059023
2059021,MarcuMLM,Mischie Marcus Lionel,nim,0.39 kb,6 nov 17 16:09:49,0,Evaluare completa: 0 puncte,cpp,,2059021.cpp,,,https://www.infoarena.ro/job_detail/2059021
2059020,Giuco,Ardelean George,nim,0.43 kb,6 nov 17 16:09:47,0,Evaluare completa: 0 puncte,cpp,,2059020.cpp,,,https://www.infoarena.ro/job_detail/2059020
2059016,MarcuMLM,Mischie Marcus Lionel,nim,0.39 kb,6 nov 17 16:08:56,0,Eroare de compilare: 0 puncte,cpp,,2059016.cpp,,,https://www.infoarena.ro/job_detail/2059016
2059012,aditoma2001,Toma Adrian,nim,0.40 kb,6 nov 17 16:06:31,100,Evaluare completa: 100 puncte,cpp,,2059012.cpp,,,https://www.infoarena.ro/job_detail/2059012
2059008,Giuco,Ardelean George,nim,0.42 kb,6 nov 17 16:05:28,0,Evaluare completa: 0 puncte,cpp,,2059008.cpp,,,https://www.infoarena.ro/job_detail/2059008
2059006,Giuco,Ardelean George,nim,0.42 kb,6 nov 17 16:04:19,0,Eroare de compilare: 0 puncte,cpp,,2059006.cpp,,,https://www.infoarena.ro/job_detail/2059006
2058557,MoodyFares,Fares Mohamad,nim,0.39 kb,5 nov 17 19:51:04,100,Evaluare completa: 100 puncte,cpp,,2058557.cpp,,,https://www.infoarena.ro/job_detail/2058557
2058549,rotti321,Rotar Mircea,nim,0.45 kb,5 nov 17 19:38:44,100,Evaluare completa: 100 puncte,cpp,,2058549.cpp,,,https://www.infoarena.ro/job_detail/2058549
2054605,RaduMirceaAndrei,Radu Mircea Andrei,nim,0.38 kb,2 nov 17 10:11:37,100,Evaluare completa: 100 puncte,cpp,,2054605.cpp,,,https://www.infoarena.ro/job_detail/2054605
2053638,Fredy,Lup Lucia,nim,0.41 kb,31 oct 17 23:20:58,100,Evaluare completa: 100 puncte,cpp,,2053638.cpp,,,https://www.infoarena.ro/job_detail/2053638
2052930,CriogeniX,Bociat Daniel Tiberiu,nim,0.43 kb,31 oct 17 10:47:02,100,Evaluare completa: 100 puncte,cpp,,2052930.cpp,,,https://www.infoarena.ro/job_detail/2052930
2052536,LucianT,Lucian Trepteanu,nim,0.44 kb,30 oct 17 18:37:34,100,Evaluare completa: 100 puncte,cpp,,2052536.cpp,,,https://www.infoarena.ro/job_detail/2052536
2052006,Senibelan,Males Sebastian,nim,0.41 kb,29 oct 17 20:43:45,100,Evaluare completa: 100 puncte,cpp,,2052006.cpp,,,https://www.infoarena.ro/job_detail/2052006
2049265,nicuvlad,Nicu Vlad,nim,0.37 kb,26 oct 17 23:44:48,100,Evaluare completa: 100 puncte,cpp,,2049265.cpp,,,https://www.infoarena.ro/job_detail/2049265
2049264,nicuvlad,Nicu Vlad,nim,0.35 kb,26 oct 17 23:43:26,0,Evaluare completa: 0 puncte,cpp,,2049264.cpp,,,https://www.infoarena.ro/job_detail/2049264
2049259,nicuvlad,Nicu Vlad,nim,0.38 kb,26 oct 17 23:37:51,0,Evaluare completa: 0 puncte,cpp,,2049259.cpp,,,https://www.infoarena.ro/job_detail/2049259
2049257,nicuvlad,Nicu Vlad,nim,0.37 kb,26 oct 17 23:35:34,0,Evaluare completa: 0 puncte,cpp,,2049257.cpp,,,https://www.infoarena.ro/job_detail/2049257
2049253,nicuvlad,Nicu Vlad,nim,0.37 kb,26 oct 17 23:31:21,0,Evaluare completa: 0 puncte,cpp,,2049253.cpp,,,https://www.infoarena.ro/job_detail/2049253
2049251,nicuvlad,Nicu Vlad,nim,0.37 kb,26 oct 17 23:29:16,0,Evaluare completa: 0 puncte,cpp,,2049251.cpp,,,https://www.infoarena.ro/job_detail/2049251
2049246,nicuvlad,Nicu Vlad,nim,0.58 kb,26 oct 17 23:23:39,0,Eroare de compilare: 0 puncte,cpp,,2049246.cpp,,,https://www.infoarena.ro/job_detail/2049246
2045421,xRoALex,Birtoiu Alexandru,nim,0.85 kb,22 oct 17 13:10:05,100,Evaluare completa: 100 puncte,cpp,,2045421.cpp,,,https://www.infoarena.ro/job_detail/2045421
2042076,Tibiraducanu,Tiberiu Raducanu,nim,0.39 kb,18 oct 17 00:18:16,100,Evaluare completa: 100 puncte,cpp,,2042076.cpp,,,https://www.infoarena.ro/job_detail/2042076
2041731,akapros,Ana Kapros,nim,0.53 kb,17 oct 17 18:38:49,100,Evaluare completa: 100 puncte,cpp,,2041731.cpp,,,https://www.infoarena.ro/job_detail/2041731
2040024,SqueekDaniel,Todasca Daniel,nim,0.36 kb,15 oct 17 12:23:03,100,Evaluare completa: 100 puncte,cpp,,2040024.cpp,,,https://www.infoarena.ro/job_detail/2040024
2039489,SCatalin,Stanciu Catalin,nim,0.43 kb,14 oct 17 16:35:11,100,Evaluare completa: 100 puncte,cpp,,2039489.cpp,,,https://www.infoarena.ro/job_detail/2039489
2037844,Dinu2005,Dinu I,nim,0.43 kb,12 oct 17 21:01:45,100,Evaluare completa: 100 puncte,cpp,,2037844.cpp,,,https://www.infoarena.ro/job_detail/2037844
2037842,Dinu2005,Dinu I,nim,0.42 kb,12 oct 17 20:59:41,0,Evaluare completa: 0 puncte,cpp,,2037842.cpp,,,https://www.infoarena.ro/job_detail/2037842
2037839,Dinu2005,Dinu I,nim,0.42 kb,12 oct 17 20:56:56,0,Evaluare completa: 0 puncte,cpp,,2037839.cpp,,,https://www.infoarena.ro/job_detail/2037839
2037836,Dinu2005,Dinu I,nim,0.41 kb,12 oct 17 20:56:22,0,Evaluare completa: 0 puncte,cpp,,2037836.cpp,,,https://www.infoarena.ro/job_detail/2037836
2036646,raul044,Moldovan Raul,nim,0.44 kb,10 oct 17 21:40:02,100,Evaluare completa: 100 puncte,cpp,,2036646.cpp,,,https://www.infoarena.ro/job_detail/2036646
2036645,raul044,Moldovan Raul,nim,0.44 kb,10 oct 17 21:38:54,0,Evaluare completa: 0 puncte,cpp,,2036645.cpp,,,https://www.infoarena.ro/job_detail/2036645
2034947,vladm98,Munteanu Vlad,nim,0.34 kb,8 oct 17 18:10:37,100,Evaluare completa: 100 puncte,cpp,,2034947.cpp,,,https://www.infoarena.ro/job_detail/2034947
2034946,vladm98,Munteanu Vlad,nim,0.34 kb,8 oct 17 18:10:05,0,Evaluare completa: 0 puncte,cpp,,2034946.cpp,,,https://www.infoarena.ro/job_detail/2034946
2031135,raul044,Moldovan Raul,nim,0.42 kb,2 oct 17 19:23:46,0,Evaluare completa: 0 puncte,cpp,,2031135.cpp,,,https://www.infoarena.ro/job_detail/2031135
2030658,serbanfocea@yahoo.com,pampam,nim,1.03 kb,1 oct 17 22:17:45,0,Eroare de compilare: 0 puncte,cpp,,2030658.cpp,,,https://www.infoarena.ro/job_detail/2030658
2030653,serbanfocea@yahoo.com,pampam,nim,1.03 kb,1 oct 17 22:14:04,0,Eroare de compilare: 0 puncte,cpp,,2030653.cpp,,,https://www.infoarena.ro/job_detail/2030653
2030645,serbanfocea@yahoo.com,pampam,nim,1.03 kb,1 oct 17 22:07:38,0,Eroare de compilare: 0 puncte,cpp,,2030645.cpp,,,https://www.infoarena.ro/job_detail/2030645
2030099,tgm000,Tudor Mocioi,nim,0.37 kb,1 oct 17 08:45:37,100,Evaluare completa: 100 puncte,cpp,,2030099.cpp,,,https://www.infoarena.ro/job_detail/2030099
2030082,amaliareb,Amalia Rebegea,nim,0.49 kb,1 oct 17 02:03:41,100,Evaluare completa: 100 puncte,cpp,,2030082.cpp,,,https://www.infoarena.ro/job_detail/2030082
2018540,vladdy47,Bucur Vlad Andrei,nim,0.48 kb,5 sep 17 12:39:04,100,Evaluare completa: 100 puncte,cpp,,2018540.cpp,,,https://www.infoarena.ro/job_detail/2018540
2017107,Men_In_Black,Marco Polo,nim,0.42 kb,31 aug 17 12:21:00,100,Evaluare completa: 100 puncte,cpp,,2017107.cpp,,,https://www.infoarena.ro/job_detail/2017107
2016576,alex2209alex,Pavel Alexandru,nim,0.46 kb,29 aug 17 18:57:19,100,Evaluare completa: 100 puncte,cpp,,2016576.cpp,,,https://www.infoarena.ro/job_detail/2016576
2008959,Laura_Cornei,Laura Maria Cornei,nim,0.43 kb,8 aug 17 09:34:02,100,Evaluare completa: 100 puncte,cpp,,2008959.cpp,,,https://www.infoarena.ro/job_detail/2008959
2004057,Malig,Mamaliga cu smantana,nim,0.61 kb,24 iul 17 20:14:01,100,Evaluare completa: 100 puncte,cpp,,2004057.cpp,,,https://www.infoarena.ro/job_detail/2004057
2003203,lupulescu2001,Lupulescu Vlad,nim,0.41 kb,22 iul 17 11:58:52,100,Evaluare completa: 100 puncte,cpp,,2003203.cpp,,,https://www.infoarena.ro/job_detail/2003203
2003198,lupulescu2001,Lupulescu Vlad,nim,0.35 kb,22 iul 17 11:46:09,0,Evaluare completa: 0 puncte,cpp,,2003198.cpp,,,https://www.infoarena.ro/job_detail/2003198
2003193,lupulescu2001,Lupulescu Vlad,nim,0.35 kb,22 iul 17 11:35:39,0,Evaluare completa: 0 puncte,cpp,,2003193.cpp,,,https://www.infoarena.ro/job_detail/2003193
1998877,Codrinsah,Cotarlan Codrin,nim,0.62 kb,9 iul 17 14:52:59,100,Evaluare completa: 100 puncte,cpp,,1998877.cpp,,,https://www.infoarena.ro/job_detail/1998877
1998875,Codrinsah,Cotarlan Codrin,nim,0.62 kb,9 iul 17 14:48:32,0,Evaluare completa: 0 puncte,cpp,,1998875.cpp,,,https://www.infoarena.ro/job_detail/1998875
1991015,Moise_Andrei,Moise Andrei,nim,0.46 kb,14 iun 17 17:20:11,100,Evaluare completa: 100 puncte,cpp,,1991015.cpp,,,https://www.infoarena.ro/job_detail/1991015
1989449,Malig,Mamaliga cu smantana,nim,0.65 kb,7 iun 17 15:12:00,100,Evaluare completa: 100 puncte,cpp,,1989449.cpp,,,https://www.infoarena.ro/job_detail/1989449
1987591,Maarcell,Kurt Godel,nim,0.31 kb,31 mai 17 11:19:08,100,Evaluare completa: 100 puncte,cpp,,1987591.cpp,,,https://www.infoarena.ro/job_detail/1987591
1987248,flaviu_2001,Craciun Ioan-Flaviu,nim,0.41 kb,29 mai 17 23:45:35,100,Evaluare completa: 100 puncte,cpp,,1987248.cpp,,,https://www.infoarena.ro/job_detail/1987248
1987247,flaviu_2001,Craciun Ioan-Flaviu,nim,0.41 kb,29 mai 17 23:45:05,0,Eroare de compilare: 0 puncte,cpp,,1987247.cpp,,,https://www.infoarena.ro/job_detail/1987247
1987246,flaviu_2001,Craciun Ioan-Flaviu,nim,0.11 kb,29 mai 17 23:44:42,0,Evaluare completa: 0 puncte,cpp,,1987246.cpp,,,https://www.infoarena.ro/job_detail/1987246
1986295,tifui.alexandru,Tifui Ioan Alexandru,nim,0.38 kb,28 mai 17 13:54:56,100,Evaluare completa: 100 puncte,cpp,,1986295.cpp,,,https://www.infoarena.ro/job_detail/1986295
1979501,Druffbaum,Popescu Vlad,nim,0.46 kb,10 mai 17 18:49:50,100,Evaluare completa: 100 puncte,cpp,,1979501.cpp,,,https://www.infoarena.ro/job_detail/1979501
1976129,stefan_creasta,Stefan Creasta,nim,0.48 kb,2 mai 17 20:24:51,100,Evaluare completa: 100 puncte,cpp,,1976129.cpp,,,https://www.infoarena.ro/job_detail/1976129
1975830,MiricaMatei,Mirica Matei,nim,0.40 kb,2 mai 17 10:24:53,100,Evaluare completa: 100 puncte,cpp,,1975830.cpp,,,https://www.infoarena.ro/job_detail/1975830
1974967,Akriel,Akriel,nim,0.48 kb,29 apr 17 16:41:22,100,Evaluare completa: 100 puncte,cpp,,1974967.cpp,,,https://www.infoarena.ro/job_detail/1974967
1970149,tziplea_stefan,Tiplea Stefan,nim,0.45 kb,18 apr 17 22:33:37,100,Evaluare completa: 100 puncte,cpp,,1970149.cpp,,,https://www.infoarena.ro/job_detail/1970149
1969983,FlorinHaja,Florin Gabriel Haja,nim,0.29 kb,18 apr 17 19:27:43,100,Evaluare completa: 100 puncte,cpp,,1969983.cpp,,,https://www.infoarena.ro/job_detail/1969983
1967642,tudor_bonifate,Tudor Bonifate,nim,0.42 kb,16 apr 17 21:22:42,100,Evaluare completa: 100 puncte,cpp,,1967642.cpp,,,https://www.infoarena.ro/job_detail/1967642
1967011,Robybrasov,Robert Hangu,nim,0.35 kb,15 apr 17 19:43:46,100,Evaluare completa: 100 puncte,cpp,,1967011.cpp,,,https://www.infoarena.ro/job_detail/1967011
1966331,Horia14,Horia Banciu,nim,0.54 kb,15 apr 17 10:05:04,100,Evaluare completa: 100 puncte,cpp,,1966331.cpp,,,https://www.infoarena.ro/job_detail/1966331
1965390,mateibanu,Banu Matei Costin,nim,0.45 kb,14 apr 17 13:01:19,100,Evaluare completa: 100 puncte,cpp,,1965390.cpp,,,https://www.infoarena.ro/job_detail/1965390
1963534,razvand,Razvan Dumitru,nim,0.47 kb,12 apr 17 16:42:44,100,Evaluare completa: 100 puncte,cpp,,1963534.cpp,,,https://www.infoarena.ro/job_detail/1963534
1963404,Malig,Mamaliga cu smantana,nim,0.46 kb,12 apr 17 15:03:22,100,Evaluare completa: 100 puncte,cpp,,1963404.cpp,,,https://www.infoarena.ro/job_detail/1963404
1961749,Adia_Ioana,Romanescu Adia Ioana,nim,0.41 kb,11 apr 17 12:21:23,100,Evaluare completa: 100 puncte,cpp,,1961749.cpp,,,https://www.infoarena.ro/job_detail/1961749
1960933,raducostache,Radu Costache,nim,0.30 kb,10 apr 17 19:33:02,100,Evaluare completa: 100 puncte,cpp,,1960933.cpp,,,https://www.infoarena.ro/job_detail/1960933
1960932,raducostache,Radu Costache,nim,0.30 kb,10 apr 17 19:32:25,0,Evaluare completa: 0 puncte,cpp,,1960932.cpp,,,https://www.infoarena.ro/job_detail/1960932
1960925,raducostache,Radu Costache,nim,0.30 kb,10 apr 17 19:28:25,0,Evaluare completa: 0 puncte,cpp,,1960925.cpp,,,https://www.infoarena.ro/job_detail/1960925
1960452,escapeMCro,Coroian Sebastian,nim,1.38 kb,10 apr 17 13:59:03,100,Evaluare completa: 100 puncte,cpp,,1960452.cpp,,,https://www.infoarena.ro/job_detail/1960452
1959448,GabiTulba,Gabi Tulba-Lecu,nim,0.48 kb,9 apr 17 15:15:41,100,Evaluare completa: 100 puncte,cpp,,1959448.cpp,,,https://www.infoarena.ro/job_detail/1959448
1959447,GabiTulba,Gabi Tulba-Lecu,nim,0.48 kb,9 apr 17 15:15:24,0,Evaluare completa: 0 puncte,cpp,,1959447.cpp,,,https://www.infoarena.ro/job_detail/1959447
1959446,GabiTulba,Gabi Tulba-Lecu,nim,0.48 kb,9 apr 17 15:14:50,0,Evaluare completa: 0 puncte,cpp,,1959446.cpp,,,https://www.infoarena.ro/job_detail/1959446
1956649,paulstepanov,Stepanov Paul,nim,0.39 kb,6 apr 17 21:59:53,100,Evaluare completa: 100 puncte,cpp,,1956649.cpp,,,https://www.infoarena.ro/job_detail/1956649
1956648,paulstepanov,Stepanov Paul,nim,0.37 kb,6 apr 17 21:58:38,0,Evaluare completa: 0 puncte,cpp,,1956648.cpp,,,https://www.infoarena.ro/job_detail/1956648
1953975,edi_laitin,Laitin Eduard,nim,0.47 kb,5 apr 17 09:45:11,100,Evaluare completa: 100 puncte,cpp,,1953975.cpp,,,https://www.infoarena.ro/job_detail/1953975
1953973,edi_laitin,Laitin Eduard,nim,0.45 kb,5 apr 17 09:43:06,0,Evaluare completa: 0 puncte,cpp,,1953973.cpp,,,https://www.infoarena.ro/job_detail/1953973
1953168,teodorg,Teodor G,nim,0.34 kb,4 apr 17 17:54:33,100,Evaluare completa: 100 puncte,cpp,,1953168.cpp,,,https://www.infoarena.ro/job_detail/1953168
1952684,Malig,Mamaliga cu smantana,nim,0.53 kb,4 apr 17 12:14:38,100,Evaluare completa: 100 puncte,cpp,,1952684.cpp,,,https://www.infoarena.ro/job_detail/1952684
1952128,Bogdanisar,Burcea Bogdan Madalin,nim,1.00 kb,3 apr 17 22:49:19,100,Evaluare completa: 100 puncte,cpp,,1952128.cpp,,,https://www.infoarena.ro/job_detail/1952128
1952106,Malig,Mamaliga cu smantana,nim,0.60 kb,3 apr 17 22:40:53,100,Evaluare completa: 100 puncte,cpp,,1952106.cpp,,,https://www.infoarena.ro/job_detail/1952106
1951795,Stefansebi,Stefan Sebastian,nim,0.34 kb,3 apr 17 19:58:53,100,Evaluare completa: 100 puncte,cpp,,1951795.cpp,,,https://www.infoarena.ro/job_detail/1951795
1951770,LaurIle,Ile Laurentiu Daniel,nim,0.43 kb,3 apr 17 19:45:16,100,Evaluare completa: 100 puncte,cpp,,1951770.cpp,,,https://www.infoarena.ro/job_detail/1951770
1951766,antana,Antonia Boca,nim,0.43 kb,3 apr 17 19:43:45,100,Evaluare completa: 100 puncte,cpp,,1951766.cpp,,,https://www.infoarena.ro/job_detail/1951766
1950175,DysKode,Turturica Razvan,nim,0.46 kb,2 apr 17 19:34:45,100,Evaluare completa: 100 puncte,cpp,,1950175.cpp,,,https://www.infoarena.ro/job_detail/1950175
1950172,DysKode,Turturica Razvan,nim,0.46 kb,2 apr 17 19:34:00,0,Evaluare completa: 0 puncte,cpp,,1950172.cpp,,,https://www.infoarena.ro/job_detail/1950172
1942386,ionutpop118,Pop Ioan Cristian,nim,0.40 kb,27 mar 17 22:46:52,100,Evaluare completa: 100 puncte,cpp,,1942386.cpp,,,https://www.infoarena.ro/job_detail/1942386
1937847,zertix,Maradin Octavian,nim,0.48 kb,24 mar 17 12:32:21,100,Evaluare completa: 100 puncte,cpp,,1937847.cpp,,,https://www.infoarena.ro/job_detail/1937847
1937193,cristian.caldarea,Caldarea Cristian Daniel,nim,0.51 kb,23 mar 17 19:35:23,100,Evaluare completa: 100 puncte,cpp,,1937193.cpp,,,https://www.infoarena.ro/job_detail/1937193
1933339,danstefan,Damian Dan Stefan,nim,0.37 kb,20 mar 17 17:18:39,100,Evaluare completa: 100 puncte,cpp,,1933339.cpp,,,https://www.infoarena.ro/job_detail/1933339
1930353,andru47,Stefanescu Andru,nim,0.43 kb,18 mar 17 19:40:51,100,Evaluare completa: 100 puncte,cpp,,1930353.cpp,,,https://www.infoarena.ro/job_detail/1930353
1929777,Constantin.,Dragancea Constantin,nim,0.37 kb,18 mar 17 09:58:20,100,Evaluare completa: 100 puncte,cpp,,1929777.cpp,,,https://www.infoarena.ro/job_detail/1929777
1925724,Theodor1000,Cristea Theodor Stefan,nim,0.51 kb,13 mar 17 17:04:05,100,Evaluare completa: 100 puncte,cpp,,1925724.cpp,,,https://www.infoarena.ro/job_detail/1925724
1922995,RaTon,Andrei Raton,nim,0.44 kb,10 mar 17 20:09:53,100,Evaluare completa: 100 puncte,cpp,,1922995.cpp,,,https://www.infoarena.ro/job_detail/1922995
1921634,bt.pantea,Pantea Beniamin,nim,0.32 kb,10 mar 17 13:35:06,100,Evaluare completa: 100 puncte,cpp,,1921634.cpp,,,https://www.infoarena.ro/job_detail/1921634
1916957,Kln1000,Ciobanu Bogdan,nim,2.38 kb,9 mar 17 10:46:24,100,Evaluare completa: 100 puncte,cpp,,1916957.cpp,,,https://www.infoarena.ro/job_detail/1916957
1916953,Kln1000,Ciobanu Bogdan,nim,2.39 kb,9 mar 17 10:45:26,100,Evaluare completa: 100 puncte,cpp,,1916953.cpp,,,https://www.infoarena.ro/job_detail/1916953
1916924,Kln1000,Ciobanu Bogdan,nim,2.44 kb,9 mar 17 10:40:19,0,Evaluare completa: 0 puncte,cpp,,1916924.cpp,,,https://www.infoarena.ro/job_detail/1916924
1910714,trutruvasilica,Huhurez Marius,nim,0.35 kb,7 mar 17 18:00:19,100,Evaluare completa: 100 puncte,cpp,,1910714.cpp,,,https://www.infoarena.ro/job_detail/1910714
1910350,stefanchi,stefan chiper,nim,0.55 kb,7 mar 17 16:32:15,100,Evaluare completa: 100 puncte,cpp,,1910350.cpp,,,https://www.infoarena.ro/job_detail/1910350
1910349,stefanchi,stefan chiper,nim,0.55 kb,7 mar 17 16:31:40,0,Evaluare completa: 0 puncte,cpp,,1910349.cpp,,,https://www.infoarena.ro/job_detail/1910349
1910324,calin1,Serban Calin,nim,0.59 kb,7 mar 17 16:27:33,100,Evaluare completa: 100 puncte,cpp,,1910324.cpp,,,https://www.infoarena.ro/job_detail/1910324
1910323,calin1,Serban Calin,nim,0.58 kb,7 mar 17 16:27:01,0,Evaluare completa: 0 puncte,cpp,,1910323.cpp,,,https://www.infoarena.ro/job_detail/1910323
1910315,calin1,Serban Calin,nim,0.58 kb,7 mar 17 16:25:59,0,Evaluare completa: 0 puncte,cpp,,1910315.cpp,,,https://www.infoarena.ro/job_detail/1910315
1910264,SolcanMihai,Solcan Mihai Andrei,nim,0.56 kb,7 mar 17 16:13:54,100,Evaluare completa: 100 puncte,cpp,,1910264.cpp,,,https://www.infoarena.ro/job_detail/1910264
1908924,mihnea00,Duican Mihnea,nim,0.42 kb,7 mar 17 10:59:36,100,Evaluare completa: 100 puncte,cpp,,1908924.cpp,,,https://www.infoarena.ro/job_detail/1908924
1908922,mihnea00,Duican Mihnea,nim,0.42 kb,7 mar 17 10:58:41,0,Evaluare completa: 0 puncte,cpp,,1908922.cpp,,,https://www.infoarena.ro/job_detail/1908922
1904127,Bugiros,Robert,nim,0.16 kb,5 mar 17 13:39:39,100,Evaluare completa: 100 puncte,cpp,,1904127.cpp,,,https://www.infoarena.ro/job_detail/1904127
1897044,1475369147896537415369,Andrei Udriste,nim,0.42 kb,1 mar 17 09:17:18,100,Evaluare completa: 100 puncte,cpp,,1897044.cpp,,,https://www.infoarena.ro/job_detail/1897044
1896545,VladG26,Ene Vlad-Mihai,nim,0.54 kb,28 feb 17 19:10:11,100,Evaluare completa: 100 puncte,cpp,,1896545.cpp,,,https://www.infoarena.ro/job_detail/1896545
1896544,B_Razvan,Baboiu Razvan,nim,0.53 kb,28 feb 17 19:09:17,100,Evaluare completa: 100 puncte,cpp,,1896544.cpp,,,https://www.infoarena.ro/job_detail/1896544
1895858,Chirita_Matei,Chirita Matei,nim,0.50 kb,28 feb 17 11:34:25,100,Evaluare completa: 100 puncte,cpp,,1895858.cpp,,,https://www.infoarena.ro/job_detail/1895858
1895857,andrei_u,Andrei,nim,0.39 kb,28 feb 17 11:34:16,100,Evaluare completa: 100 puncte,cpp,,1895857.cpp,,,https://www.infoarena.ro/job_detail/1895857
1895537,bleo16783,FMI Bleotiu Cristian,nim,0.75 kb,28 feb 17 00:15:26,100,Evaluare completa: 100 puncte,cpp,,1895537.cpp,,,https://www.infoarena.ro/job_detail/1895537
1895535,bleo16783,FMI Bleotiu Cristian,nim,0.75 kb,28 feb 17 00:13:14,100,Evaluare completa: 100 puncte,cpp,,1895535.cpp,,,https://www.infoarena.ro/job_detail/1895535
1893929,Coroian_David,Coroian David,nim,1.85 kb,26 feb 17 11:18:55,100,Evaluare completa: 100 puncte,cpp,,1893929.cpp,,,https://www.infoarena.ro/job_detail/1893929
1891329,AndreiFlorescu,Andrei Florescu,nim,0.50 kb,23 feb 17 22:06:29,100,Evaluare completa: 100 puncte,cpp,,1891329.cpp,,,https://www.infoarena.ro/job_detail/1891329
1891327,AndreiFlorescu,Andrei Florescu,nim,0.49 kb,23 feb 17 22:04:14,0,Evaluare completa: 0 puncte,cpp,,1891327.cpp,,,https://www.infoarena.ro/job_detail/1891327
1886883,CodrutLemeni,Codrut Lemeni,nim,0.61 kb,21 feb 17 11:04:07,100,Evaluare completa: 100 puncte,cpp,,1886883.cpp,,,https://www.infoarena.ro/job_detail/1886883
1884153,Burbon13,Burbon13,nim,0.44 kb,18 feb 17 14:42:21,100,Evaluare completa: 100 puncte,cpp,,1884153.cpp,,,https://www.infoarena.ro/job_detail/1884153
1883988,Burbon13,Burbon13,nim,1.08 kb,18 feb 17 13:03:17,0,Evaluare completa: 0 puncte,cpp,,1883988.cpp,,,https://www.infoarena.ro/job_detail/1883988
1883108,PaulCbn,Ciobanu Paul,nim,0.48 kb,17 feb 17 18:51:54,100,Evaluare completa: 100 puncte,cpp,,1883108.cpp,,,https://www.infoarena.ro/job_detail/1883108
1883107,Burbon13,Burbon13,nim,0.44 kb,17 feb 17 18:51:24,100,Evaluare completa: 100 puncte,cpp,,1883107.cpp,,,https://www.infoarena.ro/job_detail/1883107
1882623,andreigasparovici,Andrei Gasparovici,nim,0.39 kb,17 feb 17 12:52:26,100,Evaluare completa: 100 puncte,cpp,,1882623.cpp,,,https://www.infoarena.ro/job_detail/1882623
1879999,DenisONIc,Banu Denis Andrei,nim,0.45 kb,15 feb 17 12:31:24,100,Evaluare completa: 100 puncte,cpp,,1879999.cpp,,,https://www.infoarena.ro/job_detail/1879999
1877582,caution,Popescu Teodor,nim,0.35 kb,13 feb 17 16:14:43,100,Evaluare completa: 100 puncte,cpp,,1877582.cpp,,,https://www.infoarena.ro/job_detail/1877582
1876936,danyvs,Dan Castan,nim,0.48 kb,12 feb 17 19:13:59,100,Evaluare completa: 100 puncte,cpp,,1876936.cpp,,,https://www.infoarena.ro/job_detail/1876936
1870550,gioto,Popescu Ioan,nim,0.44 kb,6 feb 17 18:59:12,100,Evaluare completa: 100 puncte,cpp,,1870550.cpp,,,https://www.infoarena.ro/job_detail/1870550
1869298,Fredy,Lup Lucia,nim,0.44 kb,5 feb 17 18:37:42,100,Evaluare completa: 100 puncte,cpp,,1869298.cpp,,,https://www.infoarena.ro/job_detail/1869298
1869297,Fredy,Lup Lucia,nim,0.45 kb,5 feb 17 18:36:29,0,Eroare de compilare: 0 puncte,cpp,,1869297.cpp,,,https://www.infoarena.ro/job_detail/1869297
1867651,BeatriceB,Beatrice Roxana,nim,0.50 kb,4 feb 17 11:30:52,100,Evaluare completa: 100 puncte,cpp,,1867651.cpp,,,https://www.infoarena.ro/job_detail/1867651
1867643,BeatriceB,Beatrice Roxana,nim,0.98 kb,4 feb 17 11:29:06,0,Evaluare completa: 0 puncte,cpp,,1867643.cpp,,,https://www.infoarena.ro/job_detail/1867643
1861293,sebi110,Ciobanu Sebastian,nim,0.41 kb,28 ian 17 19:12:53,100,Evaluare completa: 100 puncte,cpp,,1861293.cpp,,,https://www.infoarena.ro/job_detail/1861293
1860483,llalexandru,Lungu Alexandru Ioan,nim,0.45 kb,28 ian 17 09:15:50,100,Evaluare completa: 100 puncte,cpp,,1860483.cpp,,,https://www.infoarena.ro/job_detail/1860483
1848832,Liza,Szabo Liza,nim,0.41 kb,16 ian 17 18:35:56,100,Evaluare completa: 100 puncte,cpp,,1848832.cpp,,,https://www.infoarena.ro/job_detail/1848832
1846442,mihai.alpha,mihai craciun,nim,0.49 kb,12 ian 17 20:17:27,100,Evaluare completa: 100 puncte,cpp,,1846442.cpp,,,https://www.infoarena.ro/job_detail/1846442
1843608,faceless,Ionut Balauca,nim,0.41 kb,8 ian 17 22:26:46,100,Evaluare completa: 100 puncte,cpp,,1843608.cpp,,,https://www.infoarena.ro/job_detail/1843608
1843606,faceless,Ionut Balauca,nim,0.42 kb,8 ian 17 22:25:32,0,Evaluare completa: 0 puncte,cpp,,1843606.cpp,,,https://www.infoarena.ro/job_detail/1843606
1843605,faceless,Ionut Balauca,nim,0.42 kb,8 ian 17 22:24:57,0,Evaluare completa: 0 puncte,cpp,,1843605.cpp,,,https://www.infoarena.ro/job_detail/1843605
1843598,faceless,Ionut Balauca,nim,0.42 kb,8 ian 17 22:19:56,0,Evaluare completa: 0 puncte,cpp,,1843598.cpp,,,https://www.infoarena.ro/job_detail/1843598
1843593,faceless,Ionut Balauca,nim,0.42 kb,8 ian 17 22:17:25,0,Evaluare completa: 0 puncte,cpp,,1843593.cpp,,,https://www.infoarena.ro/job_detail/1843593
1843587,faceless,Ionut Balauca,nim,0.43 kb,8 ian 17 22:12:50,0,Evaluare completa: 0 puncte,cpp,,1843587.cpp,,,https://www.infoarena.ro/job_detail/1843587
1843585,faceless,Ionut Balauca,nim,0.40 kb,8 ian 17 22:09:51,0,Evaluare completa: 0 puncte,cpp,,1843585.cpp,,,https://www.infoarena.ro/job_detail/1843585
1843584,faceless,Ionut Balauca,nim,0.40 kb,8 ian 17 22:08:04,0,Evaluare completa: 0 puncte,cpp,,1843584.cpp,,,https://www.infoarena.ro/job_detail/1843584
1843583,faceless,Ionut Balauca,nim,0.41 kb,8 ian 17 22:06:46,0,Evaluare completa: 0 puncte,cpp,,1843583.cpp,,,https://www.infoarena.ro/job_detail/1843583
1843582,faceless,Ionut Balauca,nim,0.41 kb,8 ian 17 22:06:21,0,Eroare de compilare: 0 puncte,cpp,,1843582.cpp,,,https://www.infoarena.ro/job_detail/1843582
1843581,faceless,Ionut Balauca,nim,0.40 kb,8 ian 17 22:05:37,0,Evaluare completa: 0 puncte,cpp,,1843581.cpp,,,https://www.infoarena.ro/job_detail/1843581
1837835,mariak,Kapros Maria,nim,0.49 kb,30 dec 16 15:07:01,100,Evaluare completa: 100 puncte,cpp,,1837835.cpp,,,https://www.infoarena.ro/job_detail/1837835
1832607,andreicoman299,Coman Andrei,nim,0.52 kb,20 dec 16 15:49:28,100,Evaluare completa: 100 puncte,cpp,,1832607.cpp,,,https://www.infoarena.ro/job_detail/1832607
1828707,triscacezar,Trisca Vicol Cezar,nim,0.31 kb,13 dec 16 19:32:10,100,Evaluare completa: 100 puncte,cpp,,1828707.cpp,,,https://www.infoarena.ro/job_detail/1828707
1828121,PaterucA,Petruc Andrei Stefan,nim,0.30 kb,12 dec 16 20:02:17,100,Evaluare completa: 100 puncte,cpp,,1828121.cpp,,,https://www.infoarena.ro/job_detail/1828121
1819407,BlackLord,FMI Alex Oprea,nim,0.45 kb,30 nov 16 16:26:58,100,Evaluare completa: 100 puncte,cpp,,1819407.cpp,,,https://www.infoarena.ro/job_detail/1819407
1819406,BlackLord,FMI Alex Oprea,nim,0.45 kb,30 nov 16 16:26:18,0,Eroare de compilare: 0 puncte,cpp,,1819406.cpp,,,https://www.infoarena.ro/job_detail/1819406
1812414,moise_alexandru,Moise Alexandru,nim,0.52 kb,22 nov 16 02:26:23,100,Evaluare completa: 100 puncte,cpp,,1812414.cpp,,,https://www.infoarena.ro/job_detail/1812414
1812411,moise_alexandru,Moise Alexandru,nim,0.60 kb,22 nov 16 02:23:39,0,Evaluare completa: 0 puncte,cpp,,1812411.cpp,,,https://www.infoarena.ro/job_detail/1812411
1812017,Vali_Deaconu,Vali Deaconu,nim,0.40 kb,21 nov 16 19:36:32,100,Evaluare completa: 100 puncte,cpp,,1812017.cpp,,,https://www.infoarena.ro/job_detail/1812017
1810096,robx12ln,Linca Robert,nim,0.42 kb,19 nov 16 16:35:29,100,Evaluare completa: 100 puncte,cpp,,1810096.cpp,,,https://www.infoarena.ro/job_detail/1810096
1809677,RaduMirceaAndrei,Radu Mircea Andrei,nim,0.37 kb,19 nov 16 10:07:01,100,Evaluare completa: 100 puncte,cpp,,1809677.cpp,,,https://www.infoarena.ro/job_detail/1809677
1809676,RaduMirceaAndrei,Radu Mircea Andrei,nim,0.36 kb,19 nov 16 10:06:17,0,Evaluare completa: 0 puncte,cpp,,1809676.cpp,,,https://www.infoarena.ro/job_detail/1809676
1806293,vladbatalan,Batalan Vlad,nim,0.41 kb,15 nov 16 08:16:55,100,Evaluare completa: 100 puncte,cpp,,1806293.cpp,,,https://www.infoarena.ro/job_detail/1806293
1805674,Arkiny,Stoica Alex,nim,0.34 kb,14 nov 16 00:39:29,100,Evaluare completa: 100 puncte,cpp,,1805674.cpp,,,https://www.infoarena.ro/job_detail/1805674
1795901,Liviu_Ionut_Moanta,Moanta Ionut Liviu,nim,1.15 kb,2 nov 16 22:21:10,100,Evaluare completa: 100 puncte,cpp,,1795901.cpp,,,https://www.infoarena.ro/job_detail/1795901
1795887,Liviu_Ionut_Moanta,Moanta Ionut Liviu,nim,1.09 kb,2 nov 16 22:13:59,90,Evaluare completa: 90 puncte,cpp,,1795887.cpp,,,https://www.infoarena.ro/job_detail/1795887
1795885,Liviu_Ionut_Moanta,Moanta Ionut Liviu,nim,1.09 kb,2 nov 16 22:13:23,90,Evaluare completa: 90 puncte,cpp,,1795885.cpp,,,https://www.infoarena.ro/job_detail/1795885
1795852,Liviu_Ionut_Moanta,Moanta Ionut Liviu,nim,0.79 kb,2 nov 16 21:41:42,0,Evaluare completa: 0 puncte,cpp,,1795852.cpp,,,https://www.infoarena.ro/job_detail/1795852
1795849,Liviu_Ionut_Moanta,Moanta Ionut Liviu,nim,0.73 kb,2 nov 16 21:40:42,0,Evaluare completa: 0 puncte,cpp,,1795849.cpp,,,https://www.infoarena.ro/job_detail/1795849
1763213,Dan_Radulescu,Radulescu Dan,nim,0.40 kb,24 sep 16 12:39:14,100,Evaluare completa: 100 puncte,cpp,,1763213.cpp,,,https://www.infoarena.ro/job_detail/1763213
1761714,killer301,Ioan Andrei Nicolae,nim,0.52 kb,22 sep 16 19:23:09,100,Evaluare completa: 100 puncte,cpp,,1761714.cpp,,,https://www.infoarena.ro/job_detail/1761714
1759945,Burbon13,Burbon13,nim,0.52 kb,20 sep 16 00:46:36,100,Evaluare completa: 100 puncte,cpp,,1759945.cpp,,,https://www.infoarena.ro/job_detail/1759945
1756689,xSlive,Sergiu,nim,0.42 kb,13 sep 16 14:13:55,100,Evaluare completa: 100 puncte,cpp,,1756689.cpp,,,https://www.infoarena.ro/job_detail/1756689
1745996,valentin11c,Craciun Valentin-Gabriel,nim,0.36 kb,22 aug 16 16:56:55,100,Evaluare completa: 100 puncte,cpp,,1745996.cpp,,,https://www.infoarena.ro/job_detail/1745996
1742233,sulzandrei,andrei,nim,0.43 kb,15 aug 16 23:40:13,100,Evaluare completa: 100 puncte,cpp,,1742233.cpp,,,https://www.infoarena.ro/job_detail/1742233
1732795,alittlezz,Cazaciuc Valentin,nim,0.62 kb,22 iul 16 16:16:42,100,Evaluare completa: 100 puncte,cpp,,1732795.cpp,,,https://www.infoarena.ro/job_detail/1732795
1731916,jurjstyle,Jurj Andrei,nim,0.41 kb,20 iul 16 13:29:00,100,Evaluare completa: 100 puncte,cpp,,1731916.cpp,,,https://www.infoarena.ro/job_detail/1731916
1731282,serbanmaria15,Serban Maria-Catalina,nim,0.76 kb,18 iul 16 17:05:43,90,Evaluare completa: 90 puncte,cpp,,1731282.cpp,,,https://www.infoarena.ro/job_detail/1731282
1731272,serbanmaria15,Serban Maria-Catalina,nim,0.69 kb,18 iul 16 16:55:15,90,Evaluare completa: 90 puncte,cpp,,1731272.cpp,,,https://www.infoarena.ro/job_detail/1731272
1731260,serbanmaria15,Serban Maria-Catalina,nim,0.67 kb,18 iul 16 16:39:35,0,Eroare de compilare: 0 puncte,cpp,,1731260.cpp,,,https://www.infoarena.ro/job_detail/1731260
1730955,RRomaniuc,Romaniuc Radu Andrei,nim,0.51 kb,17 iul 16 22:05:19,100,Evaluare completa: 100 puncte,cpp,,1730955.cpp,,,https://www.infoarena.ro/job_detail/1730955
1723643,PopoviciRobert,Popovici Robert,nim,0.41 kb,1 iul 16 11:23:55,100,Evaluare completa: 100 puncte,cpp,,1723643.cpp,,,https://www.infoarena.ro/job_detail/1723643
1721637,refugiat,Boni Daniel Stefan,nim,0.40 kb,26 iun 16 09:36:30,100,Evaluare completa: 100 puncte,cpp,,1721637.cpp,,,https://www.infoarena.ro/job_detail/1721637
1715811,Brandon,Chris Luntraru,nim,0.39 kb,11 iun 16 15:18:04,100,Evaluare completa: 100 puncte,cpp,,1715811.cpp,,,https://www.infoarena.ro/job_detail/1715811
1714625,oldatlantian,Serban Cercelescu,nim,0.59 kb,8 iun 16 21:39:38,100,Evaluare completa: 100 puncte,cpp,,1714625.cpp,,,https://www.infoarena.ro/job_detail/1714625
1714141,stelian2000,Stelian Chichirim,nim,0.43 kb,7 iun 16 16:57:24,100,Evaluare completa: 100 puncte,cpp,,1714141.cpp,,,https://www.infoarena.ro/job_detail/1714141
1713570,EuEric,Ciordel Rromeo,nim,0.41 kb,5 iun 16 23:02:21,100,Evaluare completa: 100 puncte,cpp,,1713570.cpp,,,https://www.infoarena.ro/job_detail/1713570
1706735,FlorinHaja,Florin Gabriel Haja,nim,0.35 kb,23 mai 16 07:59:06,100,Evaluare completa: 100 puncte,cpp,,1706735.cpp,,,https://www.infoarena.ro/job_detail/1706735
1703861,TincaMatei,Tinca Matei,nim,0.44 kb,17 mai 16 18:29:22,100,Evaluare completa: 100 puncte,cpp,,1703861.cpp,,,https://www.infoarena.ro/job_detail/1703861
1702696,ancabd,Badiu Anca,nim,0.42 kb,15 mai 16 14:30:38,100,Evaluare completa: 100 puncte,cpp,,1702696.cpp,,,https://www.infoarena.ro/job_detail/1702696
1696509,cosmin.pascaru,Pascaru Cosmin,nim,0.17 kb,29 apr 16 12:07:49,100,Evaluare completa: 100 puncte,cpp,,1696509.cpp,,,https://www.infoarena.ro/job_detail/1696509
1696508,cosmin.pascaru,Pascaru Cosmin,nim,0.17 kb,29 apr 16 12:07:20,0,Evaluare completa: 0 puncte,cpp,,1696508.cpp,,,https://www.infoarena.ro/job_detail/1696508
1696327,andreistan,Stan Andrei,nim,0.38 kb,28 apr 16 20:58:15,100,Evaluare completa: 100 puncte,cpp,,1696327.cpp,,,https://www.infoarena.ro/job_detail/1696327
1696175,cosmin.pascaru,Pascaru Cosmin,nim,0.18 kb,28 apr 16 15:40:30,100,Evaluare completa: 100 puncte,cpp,,1696175.cpp,,,https://www.infoarena.ro/job_detail/1696175
1696174,cosmin.pascaru,Pascaru Cosmin,nim,0.20 kb,28 apr 16 15:37:01,100,Evaluare completa: 100 puncte,cpp,,1696174.cpp,,,https://www.infoarena.ro/job_detail/1696174
1695818,superstar1998,Moldoveanu Vlad,nim,2.58 kb,27 apr 16 20:35:47,100,Evaluare completa: 100 puncte,cpp,,1695818.cpp,,,https://www.infoarena.ro/job_detail/1695818
1693016,PetruZ,Zatic Petru,nim,0.30 kb,22 apr 16 09:06:16,100,Evaluare completa: 100 puncte,cpp,,1693016.cpp,,,https://www.infoarena.ro/job_detail/1693016
1690569,sandupetrasco,Petrasco Sandu,nim,0.48 kb,15 apr 16 11:53:54,100,Evaluare completa: 100 puncte,cpp,,1690569.cpp,,,https://www.infoarena.ro/job_detail/1690569
1690568,sandupetrasco,Petrasco Sandu,nim,0.48 kb,15 apr 16 11:52:25,0,Evaluare completa: 0 puncte,cpp,,1690568.cpp,,,https://www.infoarena.ro/job_detail/1690568
1690566,sandupetrasco,Petrasco Sandu,nim,0.45 kb,15 apr 16 11:51:22,0,Evaluare completa: 0 puncte,cpp,,1690566.cpp,,,https://www.infoarena.ro/job_detail/1690566
1690564,sandupetrasco,Petrasco Sandu,nim,0.43 kb,15 apr 16 11:48:43,0,Evaluare completa: 0 puncte,cpp,,1690564.cpp,,,https://www.infoarena.ro/job_detail/1690564
1690562,sandupetrasco,Petrasco Sandu,nim,0.43 kb,15 apr 16 11:47:28,0,Evaluare completa: 0 puncte,cpp,,1690562.cpp,,,https://www.infoarena.ro/job_detail/1690562
1690561,sandupetrasco,Petrasco Sandu,nim,0.42 kb,15 apr 16 11:46:35,0,Evaluare completa: 0 puncte,cpp,,1690561.cpp,,,https://www.infoarena.ro/job_detail/1690561
1688177,tqmi,Szasz Tamas,nim,0.39 kb,13 apr 16 12:13:25,100,Evaluare completa: 100 puncte,cpp,,1688177.cpp,,,https://www.infoarena.ro/job_detail/1688177
1680651,robertkarol,Robert Szarvas,nim,0.38 kb,8 apr 16 22:35:45,100,Evaluare completa: 100 puncte,cpp,,1680651.cpp,,,https://www.infoarena.ro/job_detail/1680651
1680646,robertkarol,Robert Szarvas,nim,0.38 kb,8 apr 16 22:33:20,0,Evaluare completa: 0 puncte,cpp,,1680646.cpp,,,https://www.infoarena.ro/job_detail/1680646
1676293,GinguIonut,GinguIonut,nim,0.53 kb,5 apr 16 20:10:43,100,Evaluare completa: 100 puncte,cpp,,1676293.cpp,,,https://www.infoarena.ro/job_detail/1676293
1675404,malina_florea,Malina Florea,nim,0.52 kb,5 apr 16 12:09:57,100,Evaluare completa: 100 puncte,cpp,,1675404.cpp,,,https://www.infoarena.ro/job_detail/1675404
1675402,malina_florea,Malina Florea,nim,0.53 kb,5 apr 16 12:09:27,100,Evaluare completa: 100 puncte,cpp,,1675402.cpp,,,https://www.infoarena.ro/job_detail/1675402
1675393,malina_florea,Malina Florea,nim,0.57 kb,5 apr 16 12:05:08,0,Evaluare completa: 0 puncte,cpp,,1675393.cpp,,,https://www.infoarena.ro/job_detail/1675393
1673648,hopingsteam,Matraguna Mihai-Alexandru,nim,0.12 kb,3 apr 16 23:32:06,0,Evaluare completa: 0 puncte,cpp,,1673648.cpp,,,https://www.infoarena.ro/job_detail/1673648
1673297,Arambasa,Vlad Arambasa,nim,0.38 kb,3 apr 16 17:08:45,100,Evaluare completa: 100 puncte,cpp,,1673297.cpp,,,https://www.infoarena.ro/job_detail/1673297
1673286,Arambasa,Vlad Arambasa,nim,0.38 kb,3 apr 16 16:58:02,0,Evaluare completa: 0 puncte,cpp,,1673286.cpp,,,https://www.infoarena.ro/job_detail/1673286
1673280,Arambasa,Vlad Arambasa,nim,0.38 kb,3 apr 16 16:55:23,0,Evaluare completa: 0 puncte,cpp,,1673280.cpp,,,https://www.infoarena.ro/job_detail/1673280
1673279,Arambasa,Vlad Arambasa,nim,0.38 kb,3 apr 16 16:54:37,0,Evaluare completa: 0 puncte,cpp,,1673279.cpp,,,https://www.infoarena.ro/job_detail/1673279
1673276,Arambasa,Vlad Arambasa,nim,0.39 kb,3 apr 16 16:51:26,0,Evaluare completa: 0 puncte,cpp,,1673276.cpp,,,https://www.infoarena.ro/job_detail/1673276
1670081,cordun_cristina,Cristina Maria Cordun,nim,0.41 kb,31 mar 16 13:52:26,100,Evaluare completa: 100 puncte,cpp,,1670081.cpp,,,https://www.infoarena.ro/job_detail/1670081
1668899,CrystyAngel,Dinu Cristian,nim,0.44 kb,30 mar 16 10:11:37,100,Evaluare completa: 100 puncte,cpp,,1668899.cpp,,,https://www.infoarena.ro/job_detail/1668899
1666081,vlasiuflavius,Vlasiu Flavius,nim,0.39 kb,27 mar 16 17:26:56,100,Evaluare completa: 100 puncte,cpp,,1666081.cpp,,,https://www.infoarena.ro/job_detail/1666081
1665792,medicinedoctor,alexandru,nim,0.49 kb,27 mar 16 13:04:21,100,Evaluare completa: 100 puncte,cpp,,1665792.cpp,,,https://www.infoarena.ro/job_detail/1665792
1665790,medicinedoctor,alexandru,nim,0.62 kb,27 mar 16 13:00:46,90,Evaluare completa: 90 puncte,cpp,,1665790.cpp,,,https://www.infoarena.ro/job_detail/1665790
1665789,medicinedoctor,alexandru,nim,0.62 kb,27 mar 16 13:00:46,90,Evaluare completa: 90 puncte,cpp,,1665789.cpp,,,https://www.infoarena.ro/job_detail/1665789
1665785,medicinedoctor,alexandru,nim,0.62 kb,27 mar 16 12:59:37,0,Evaluare completa: 0 puncte,cpp,,1665785.cpp,,,https://www.infoarena.ro/job_detail/1665785
1665779,medicinedoctor,alexandru,nim,0.62 kb,27 mar 16 12:55:53,90,Evaluare completa: 90 puncte,cpp,,1665779.cpp,,,https://www.infoarena.ro/job_detail/1665779
1665763,medicinedoctor,alexandru,nim,0.60 kb,27 mar 16 12:45:10,90,Evaluare completa: 90 puncte,cpp,,1665763.cpp,,,https://www.infoarena.ro/job_detail/1665763
1665750,medicinedoctor,alexandru,nim,0.69 kb,27 mar 16 12:34:20,70,Evaluare completa: 70 puncte,pascal,,1665750.pas,,,https://www.infoarena.ro/job_detail/1665750
1665745,medicinedoctor,alexandru,nim,0.66 kb,27 mar 16 12:26:11,70,Evaluare completa: 70 puncte,pascal,,1665745.pas,,,https://www.infoarena.ro/job_detail/1665745
1665711,medicinedoctor,alexandru,nim,0.68 kb,27 mar 16 11:59:49,70,Evaluare completa: 70 puncte,pascal,,1665711.pas,,,https://www.infoarena.ro/job_detail/1665711
1649379,george_stelian,Chichirim George,nim,0.41 kb,11 mar 16 13:29:34,100,Evaluare completa: 100 puncte,cpp,,1649379.cpp,,,https://www.infoarena.ro/job_detail/1649379
1644933,ionut98,Bejenariu Ionut Daniel,nim,0.39 kb,10 mar 16 10:20:18,100,Evaluare completa: 100 puncte,cpp,,1644933.cpp,,,https://www.infoarena.ro/job_detail/1644933
1644693,crysstyan,Iacob Paul Cristian,nim,0.48 kb,10 mar 16 08:25:52,100,Evaluare completa: 100 puncte,cpp,,1644693.cpp,,,https://www.infoarena.ro/job_detail/1644693
1635556,RaZxKiD,David Razvan,nim,0.40 kb,6 mar 16 18:48:52,100,Evaluare completa: 100 puncte,cpp,,1635556.cpp,,,https://www.infoarena.ro/job_detail/1635556
1635212,Vlad_lsc2008,Lungu Vlad,nim,0.52 kb,6 mar 16 15:45:42,100,Evaluare completa: 100 puncte,cpp,,1635212.cpp,,,https://www.infoarena.ro/job_detail/1635212
1617417,ASTELO,Tudor Enescu,nim,0.37 kb,27 feb 16 13:36:34,100,Evaluare completa: 100 puncte,cpp,,1617417.cpp,,,https://www.infoarena.ro/job_detail/1617417
1617416,ASTELO,Tudor Enescu,nim,0.35 kb,27 feb 16 13:35:45,0,Evaluare completa: 0 puncte,cpp,,1617416.cpp,,,https://www.infoarena.ro/job_detail/1617416
1617412,ASTELO,Tudor Enescu,nim,0.36 kb,27 feb 16 13:32:24,100,Evaluare completa: 100 puncte,cpp,,1617412.cpp,,,https://www.infoarena.ro/job_detail/1617412
1613140,ipus1,Stefan Enescu,nim,0.34 kb,25 feb 16 11:04:05,100,Evaluare completa: 100 puncte,cpp,,1613140.cpp,,,https://www.infoarena.ro/job_detail/1613140
1611340,TeodorCotet,Cotet Teodor,nim,0.36 kb,24 feb 16 01:15:18,100,Evaluare completa: 100 puncte,cpp,,1611340.cpp,,,https://www.infoarena.ro/job_detail/1611340
1610079,ade_tomi,Enache Adelina,nim,0.43 kb,23 feb 16 11:32:18,100,Evaluare completa: 100 puncte,cpp,,1610079.cpp,,,https://www.infoarena.ro/job_detail/1610079
1606588,andreiudila,Udila Andrei,nim,0.41 kb,20 feb 16 13:24:28,100,Evaluare completa: 100 puncte,cpp,,1606588.cpp,,,https://www.infoarena.ro/job_detail/1606588
1604406,c0rn1,Goran Cornel,nim,0.53 kb,18 feb 16 11:30:52,100,Evaluare completa: 100 puncte,cpp,,1604406.cpp,,,https://www.infoarena.ro/job_detail/1604406
1603528,Raddu,FMI Dinu Radu,nim,0.28 kb,17 feb 16 17:15:31,100,Evaluare completa: 100 puncte,cpp,,1603528.cpp,,,https://www.infoarena.ro/job_detail/1603528
1595489,bogdan10bos,Bogdan Sitaru,nim,0.55 kb,10 feb 16 12:33:50,100,Evaluare completa: 100 puncte,cpp,,1595489.cpp,,,https://www.infoarena.ro/job_detail/1595489
1594609,pas.andrei,Popovici Andrei-Sorin,nim,0.78 kb,9 feb 16 16:54:00,100,Evaluare completa: 100 puncte,cpp,,1594609.cpp,,,https://www.infoarena.ro/job_detail/1594609
1593242,tothal,Toth Alexandru,nim,0.62 kb,8 feb 16 14:11:12,100,Evaluare completa: 100 puncte,cpp,,1593242.cpp,,,https://www.infoarena.ro/job_detail/1593242
1593222,tothal,Toth Alexandru,nim,0.63 kb,8 feb 16 13:52:22,0,Evaluare completa: 0 puncte,cpp,,1593222.cpp,,,https://www.infoarena.ro/job_detail/1593222
1591903,lflorin29,Florin Laiu,nim,0.44 kb,6 feb 16 20:26:50,100,Evaluare completa: 100 puncte,cpp,,1591903.cpp,,,https://www.infoarena.ro/job_detail/1591903
1591091,iulian_f2k,Guraliuc Iulian,nim,0.43 kb,5 feb 16 19:27:36,100,Evaluare completa: 100 puncte,cpp,,1591091.cpp,,,https://www.infoarena.ro/job_detail/1591091
1588239,papinub,Papa Victor,nim,0.50 kb,2 feb 16 21:52:26,100,Evaluare completa: 100 puncte,cpp,,1588239.cpp,,,https://www.infoarena.ro/job_detail/1588239
1587257,mouse_wireless,Mouse Wireless,nim,0.68 kb,1 feb 16 21:33:54,100,Evaluare completa: 100 puncte,cpp,,1587257.cpp,,,https://www.infoarena.ro/job_detail/1587257
1581509,forever16,Alex M,nim,0.43 kb,26 ian 16 21:13:06,100,Evaluare completa: 100 puncte,cpp,,1581509.cpp,,,https://www.infoarena.ro/job_detail/1581509
1580005,Bugiros,Robert,nim,0.49 kb,25 ian 16 12:36:06,100,Evaluare completa: 100 puncte,cpp,,1580005.cpp,,,https://www.infoarena.ro/job_detail/1580005
1571285,rexlcd,Tenea Mihai,nim,0.42 kb,17 ian 16 19:21:07,100,Evaluare completa: 100 puncte,cpp,,1571285.cpp,,,https://www.infoarena.ro/job_detail/1571285
1570017,TiberiuG,Copaciu Tiberiu George,nim,0.42 kb,16 ian 16 09:57:11,100,Evaluare completa: 100 puncte,cpp,,1570017.cpp,,,https://www.infoarena.ro/job_detail/1570017
1558944,delia_99,Delia Draghici,nim,0.42 kb,29 dec 15 20:08:02,100,Evaluare completa: 100 puncte,cpp,,1558944.cpp,,,https://www.infoarena.ro/job_detail/1558944
1556793,Alexa2001,Alexa Tudose,nim,0.33 kb,25 dec 15 23:11:22,100,Evaluare completa: 100 puncte,cpp,,1556793.cpp,,,https://www.infoarena.ro/job_detail/1556793
1556508,AlexNiuclae,Niculae Alexandru Vlad,nim,0.41 kb,25 dec 15 01:06:39,100,Evaluare completa: 100 puncte,cpp,,1556508.cpp,,,https://www.infoarena.ro/job_detail/1556508
1555773,andreea_zaharia,Andreea Zaharia,nim,0.48 kb,23 dec 15 15:37:29,100,Evaluare completa: 100 puncte,cpp,,1555773.cpp,,,https://www.infoarena.ro/job_detail/1555773
1555380,cristina_borza,Cristina Borza,nim,0.44 kb,22 dec 15 18:30:22,100,Evaluare completa: 100 puncte,cpp,,1555380.cpp,,,https://www.infoarena.ro/job_detail/1555380
1552735,PTAdrian64,Pop-Tifrea Adrian,nim,0.44 kb,18 dec 15 15:46:24,100,Evaluare completa: 100 puncte,cpp,,1552735.cpp,,,https://www.infoarena.ro/job_detail/1552735
1552734,PTAdrian64,Pop-Tifrea Adrian,nim,0.43 kb,18 dec 15 15:45:15,0,Evaluare completa: 0 puncte,cpp,,1552734.cpp,,,https://www.infoarena.ro/job_detail/1552734
1552733,PTAdrian64,Pop-Tifrea Adrian,nim,1.68 kb,18 dec 15 15:44:51,0,Evaluare completa: 0 puncte,cpp,,1552733.cpp,,,https://www.infoarena.ro/job_detail/1552733
1552732,PTAdrian64,Pop-Tifrea Adrian,nim,1.68 kb,18 dec 15 15:42:14,0,Evaluare completa: 0 puncte,cpp,,1552732.cpp,,,https://www.infoarena.ro/job_detail/1552732
1551934,PaulStighi,Stiegelbauer Paul-Alexandru,nim,0.44 kb,16 dec 15 22:08:05,100,Evaluare completa: 100 puncte,cpp,,1551934.cpp,,,https://www.infoarena.ro/job_detail/1551934
1551071,mantis,Vraciu Stefan,nim,0.37 kb,15 dec 15 08:33:01,100,Evaluare completa: 100 puncte,cpp,,1551071.cpp,,,https://www.infoarena.ro/job_detail/1551071
1548665,danny794,Dan Danaila,nim,0.36 kb,11 dec 15 12:17:18,100,Evaluare completa: 100 puncte,cpp,,1548665.cpp,,,https://www.infoarena.ro/job_detail/1548665
1548664,danny794,Dan Danaila,nim,0.38 kb,11 dec 15 12:15:44,100,Evaluare completa: 100 puncte,cpp,,1548664.cpp,,,https://www.infoarena.ro/job_detail/1548664
1548360,Olivian,Olivian Dan Cretu,nim,0.40 kb,10 dec 15 20:26:01,100,Evaluare completa: 100 puncte,cpp,,1548360.cpp,,,https://www.infoarena.ro/job_detail/1548360
1548292,Zimmy,Zimmermann Erich,nim,0.33 kb,10 dec 15 19:00:55,100,Evaluare completa: 100 puncte,cpp,,1548292.cpp,,,https://www.infoarena.ro/job_detail/1548292
1546745,DanielRusu,Daniel Rusu,nim,0.50 kb,8 dec 15 17:42:34,100,Evaluare completa: 100 puncte,cpp,,1546745.cpp,,,https://www.infoarena.ro/job_detail/1546745
1542971,sebinechita,sebi nechita,nim,0.42 kb,5 dec 15 20:46:09,100,Evaluare completa: 100 puncte,cpp,,1542971.cpp,,,https://www.infoarena.ro/job_detail/1542971
1541811,felixi,Puscasu Felix,nim,0.49 kb,4 dec 15 16:16:10,100,Evaluare completa: 100 puncte,cpp,,1541811.cpp,,,https://www.infoarena.ro/job_detail/1541811
1540152,refugiat,Boni Daniel Stefan,nim,0.48 kb,2 dec 15 11:30:50,100,Evaluare completa: 100 puncte,cpp,,1540152.cpp,,,https://www.infoarena.ro/job_detail/1540152
1538523,ili226,Vlad Ilie,nim,0.39 kb,29 nov 15 11:51:07,80,Evaluare completa: 80 puncte,pascal,,1538523.pas,,,https://www.infoarena.ro/job_detail/1538523
1538259,DrumeaV,Drumea Vasile,nim,0.52 kb,28 nov 15 18:38:04,100,Evaluare completa: 100 puncte,cpp,,1538259.cpp,,,https://www.infoarena.ro/job_detail/1538259
1537861,GinguIonut,GinguIonut,nim,0.41 kb,28 nov 15 11:16:32,100,Evaluare completa: 100 puncte,cpp,,1537861.cpp,,,https://www.infoarena.ro/job_detail/1537861
1526843,Julian.,FMI Caluian Iulian,nim,0.35 kb,17 nov 15 15:08:36,100,Evaluare completa: 100 puncte,cpp,,1526843.cpp,,,https://www.infoarena.ro/job_detail/1526843
1521958,mambojambo,Pop Flaviu,nim,0.43 kb,11 nov 15 01:19:52,100,Evaluare completa: 100 puncte,cpp,,1521958.cpp,,,https://www.infoarena.ro/job_detail/1521958
1521957,mambojambo,Pop Flaviu,nim,0.44 kb,11 nov 15 01:18:10,0,Evaluare completa: 0 puncte,cpp,,1521957.cpp,,,https://www.infoarena.ro/job_detail/1521957
1520673,mirupet,Petcan Miruna,nim,0.51 kb,9 nov 15 10:36:40,100,Evaluare completa: 100 puncte,cpp,,1520673.cpp,,,https://www.infoarena.ro/job_detail/1520673
1518866,Mayuri,Mayuri,nim,0.47 kb,6 nov 15 15:33:21,100,Evaluare completa: 100 puncte,cpp,,1518866.cpp,,,https://www.infoarena.ro/job_detail/1518866
1510465,gergocsegzi,Csegzi Gergely,nim,1.75 kb,25 oct 15 00:27:31,20,Evaluare completa: 20 puncte,java,,1510465.java,,,https://www.infoarena.ro/job_detail/1510465
1510456,gergocsegzi,Csegzi Gergely,nim,1.53 kb,24 oct 15 23:54:13,0,Evaluare completa: 0 puncte,java,,1510456.java,,,https://www.infoarena.ro/job_detail/1510456
1510433,gergocsegzi,Csegzi Gergely,nim,1.20 kb,24 oct 15 23:01:37,40,Evaluare completa: 40 puncte,java,,1510433.java,,,https://www.infoarena.ro/job_detail/1510433
1497180,rzvrzv,Nicolescu Razvan,nim,0.48 kb,6 oct 15 13:02:56,100,Evaluare completa: 100 puncte,cpp,,1497180.cpp,,,https://www.infoarena.ro/job_detail/1497180
1489694,lolman,Domuta Dariu,nim,0.42 kb,21 sep 15 21:06:21,100,Evaluare completa: 100 puncte,cpp,,1489694.cpp,,,https://www.infoarena.ro/job_detail/1489694
1488957,armandpreda,Preda Armand,nim,0.43 kb,20 sep 15 11:55:35,100,Evaluare completa: 100 puncte,cpp,,1488957.cpp,,,https://www.infoarena.ro/job_detail/1488957
1488956,armandpreda,Preda Armand,nim,0.43 kb,20 sep 15 11:55:00,0,Evaluare completa: 0 puncte,cpp,,1488956.cpp,,,https://www.infoarena.ro/job_detail/1488956
1486195,DeltaM,TP Dragos,nim,0.44 kb,14 sep 15 02:52:44,100,Evaluare completa: 100 puncte,cpp,,1486195.cpp,,,https://www.infoarena.ro/job_detail/1486195
1484765,mike93,Indricean Mihai,nim,0.47 kb,11 sep 15 20:12:39,100,Evaluare completa: 100 puncte,c,,1484765.c,,,https://www.infoarena.ro/job_detail/1484765
1484763,mike93,Indricean Mihai,nim,0.47 kb,11 sep 15 20:12:12,0,Eroare de compilare: 0 puncte,c,,1484763.c,,,https://www.infoarena.ro/job_detail/1484763
1478268,SilviuI,Ion Silviu,nim,0.32 kb,28 aug 15 12:37:12,100,Evaluare completa: 100 puncte,cpp,,1478268.cpp,,,https://www.infoarena.ro/job_detail/1478268
1478267,SilviuI,Ion Silviu,nim,0.25 kb,28 aug 15 12:36:26,0,Evaluare completa: 0 puncte,cpp,,1478267.cpp,,,https://www.infoarena.ro/job_detail/1478267
1478266,SilviuI,Ion Silviu,nim,0.25 kb,28 aug 15 12:35:47,0,Eroare de compilare: 0 puncte,cpp,,1478266.cpp,,,https://www.infoarena.ro/job_detail/1478266
1477489,greenadex,Iulia Harasim,nim,0.48 kb,26 aug 15 13:56:25,100,Evaluare completa: 100 puncte,cpp,,1477489.cpp,,,https://www.infoarena.ro/job_detail/1477489
1476347,miki880,Nechita Mihai,nim,0.44 kb,24 aug 15 23:25:52,100,Evaluare completa: 100 puncte,cpp,,1476347.cpp,,,https://www.infoarena.ro/job_detail/1476347
1476346,miki880,Nechita Mihai,nim,0.43 kb,24 aug 15 23:24:59,0,Evaluare completa: 0 puncte,cpp,,1476346.cpp,,,https://www.infoarena.ro/job_detail/1476346
1476345,miki880,Nechita Mihai,nim,0.43 kb,24 aug 15 23:23:55,0,Evaluare completa: 0 puncte,cpp,,1476345.cpp,,,https://www.infoarena.ro/job_detail/1476345
1473753,tamionv,Tamio Vesa Nakajima,nim,0.33 kb,20 aug 15 08:16:51,100,Evaluare completa: 100 puncte,cpp,,1473753.cpp,,,https://www.infoarena.ro/job_detail/1473753
1472934,al.mocanu,Alexandru Mocanu,nim,0.35 kb,18 aug 15 08:48:22,100,Evaluare completa: 100 puncte,c,,1472934.c,,,https://www.infoarena.ro/job_detail/1472934
1472421,Blaugranas,Enal Gemaledin,nim,0.25 kb,17 aug 15 04:38:47,100,Evaluare completa: 100 puncte,c,,1472421.c,,,https://www.infoarena.ro/job_detail/1472421
1468413,bogdanmarin69,Bogdan Marin,nim,0.34 kb,5 aug 15 23:47:18,100,Evaluare completa: 100 puncte,cpp,,1468413.cpp,,,https://www.infoarena.ro/job_detail/1468413
1466704,Collerman,Andrei Amariei,nim,0.43 kb,29 iul 15 22:28:30,100,Evaluare completa: 100 puncte,cpp,,1466704.cpp,,,https://www.infoarena.ro/job_detail/1466704
1465266,fanache99,Constantin-Buliga Stefan,nim,0.44 kb,26 iul 15 21:13:57,100,Evaluare completa: 100 puncte,cpp,,1465266.cpp,,,https://www.infoarena.ro/job_detail/1465266
1464766,iulianrotaru,Rotaru Gheorghe-Iulian,nim,0.27 kb,24 iul 15 16:13:15,100,Evaluare completa: 100 puncte,cpp,,1464766.cpp,,,https://www.infoarena.ro/job_detail/1464766
1464693,petru.cehan,Cehan Petru,nim,0.47 kb,24 iul 15 11:56:14,100,Evaluare completa: 100 puncte,cpp,,1464693.cpp,,,https://www.infoarena.ro/job_detail/1464693
1462833,TeodorescuStefanEduard,Teodorescu Stefan Eduard,nim,0.48 kb,19 iul 15 06:50:52,100,Evaluare completa: 100 puncte,cpp,,1462833.cpp,,,https://www.infoarena.ro/job_detail/1462833
1459455,ccygnus,Maygnus Pop,nim,0.43 kb,9 iul 15 22:13:44,100,Evaluare completa: 100 puncte,cpp,,1459455.cpp,,,https://www.infoarena.ro/job_detail/1459455
1459133,Andreos,Andrei Otetea,nim,0.46 kb,9 iul 15 11:12:29,100,Evaluare completa: 100 puncte,cpp,,1459133.cpp,,,https://www.infoarena.ro/job_detail/1459133
1459130,Andreos,Andrei Otetea,nim,0.46 kb,9 iul 15 11:10:19,0,Evaluare completa: 0 puncte,cpp,,1459130.cpp,,,https://www.infoarena.ro/job_detail/1459130
1458896,zhm248,Mustatea Radu,nim,0.76 kb,8 iul 15 18:22:39,100,Evaluare completa: 100 puncte,cpp,,1458896.cpp,,,https://www.infoarena.ro/job_detail/1458896
1458849,tac1234,Tran Bach Nguyen,nim,0.47 kb,8 iul 15 16:22:45,100,Evaluare completa: 100 puncte,cpp,,1458849.cpp,,,https://www.infoarena.ro/job_detail/1458849
1458847,tac1234,Tran Bach Nguyen,nim,0.41 kb,8 iul 15 16:21:55,0,Evaluare completa: 0 puncte,cpp,,1458847.cpp,,,https://www.infoarena.ro/job_detail/1458847
1458846,tac1234,Tran Bach Nguyen,nim,0.70 kb,8 iul 15 16:21:30,0,Evaluare completa: 0 puncte,cpp,,1458846.cpp,,,https://www.infoarena.ro/job_detail/1458846
1458842,tudorcoman,Tudor Coman,nim,0.41 kb,8 iul 15 16:12:42,100,Evaluare completa: 100 puncte,cpp,,1458842.cpp,,,https://www.infoarena.ro/job_detail/1458842
1458841,raddudj,Pogonariu Radu,nim,0.48 kb,8 iul 15 16:11:34,100,Evaluare completa: 100 puncte,cpp,,1458841.cpp,,,https://www.infoarena.ro/job_detail/1458841
1454228,Gilgod,Robert B,nim,0.58 kb,25 iun 15 20:35:55,100,Evaluare completa: 100 puncte,cpp,,1454228.cpp,,,https://www.infoarena.ro/job_detail/1454228
1451605,Djok,Valeriu Motroi,nim,0.26 kb,17 iun 15 20:50:02,100,Evaluare completa: 100 puncte,cpp,,1451605.cpp,,,https://www.infoarena.ro/job_detail/1451605
1450791,dnprx,Dan Pracsiu,nim,0.46 kb,14 iun 15 18:36:25,100,Evaluare completa: 100 puncte,cpp,,1450791.cpp,,,https://www.infoarena.ro/job_detail/1450791
1439193,Miruna_D,Miruna,nim,0.43 kb,21 mai 15 19:23:03,100,Evaluare completa: 100 puncte,cpp,,1439193.cpp,,,https://www.infoarena.ro/job_detail/1439193
1439192,Miruna_D,Miruna,nim,0.41 kb,21 mai 15 19:20:33,0,Evaluare completa: 0 puncte,cpp,,1439192.cpp,,,https://www.infoarena.ro/job_detail/1439192
1437663,zpae,Popescu Andreea,nim,0.44 kb,18 mai 15 11:10:48,100,Evaluare completa: 100 puncte,cpp,,1437663.cpp,,,https://www.infoarena.ro/job_detail/1437663
1429229,justaddcode,Justadd Code,nim,0.48 kb,5 mai 15 22:11:33,100,Evaluare completa: 100 puncte,cpp,,1429229.cpp,,,https://www.infoarena.ro/job_detail/1429229
1423970,SwagginInMyJays,aaaaaaaaaaaas,nim,0.98 kb,23 apr 15 00:38:15,100,Evaluare completa: 100 puncte,cpp,,1423970.cpp,,,https://www.infoarena.ro/job_detail/1423970
1423733,alexandra_udristoiu,Udristoiu Alexandra Maria,nim,0.42 kb,22 apr 15 14:40:26,100,Evaluare completa: 100 puncte,cpp,,1423733.cpp,,,https://www.infoarena.ro/job_detail/1423733
1423732,StarGold2,Emanuel Nrx,nim,0.50 kb,22 apr 15 14:37:25,100,Evaluare completa: 100 puncte,cpp,,1423732.cpp,,,https://www.infoarena.ro/job_detail/1423732
1418433,eu3neuom,Manghiuc Teodor-Florin,nim,0.44 kb,13 apr 15 01:31:08,100,Evaluare completa: 100 puncte,cpp,,1418433.cpp,,,https://www.infoarena.ro/job_detail/1418433
1414861,vasica38,Vasile Catana,nim,0.45 kb,3 apr 15 10:11:25,100,Evaluare completa: 100 puncte,cpp,,1414861.cpp,,,https://www.infoarena.ro/job_detail/1414861
1414657,ranger,Chihai Mihai,nim,0.35 kb,2 apr 15 21:01:47,100,Evaluare completa: 100 puncte,cpp,,1414657.cpp,,,https://www.infoarena.ro/job_detail/1414657
1412803,gabrielinelus,Gabriel-Robert Inelus,nim,0.45 kb,1 apr 15 16:01:17,100,Evaluare completa: 100 puncte,cpp,,1412803.cpp,,,https://www.infoarena.ro/job_detail/1412803
1412167,4ONI2015,oni2015,nim,0.46 kb,1 apr 15 10:05:10,100,Evaluare completa: 100 puncte,cpp,,1412167.cpp,,,https://www.infoarena.ro/job_detail/1412167
1410784,biiaa,Bunaciu Bianca,nim,0.43 kb,31 mar 15 11:51:37,100,Evaluare completa: 100 puncte,cpp,,1410784.cpp,,,https://www.infoarena.ro/job_detail/1410784
1410774,biiaa,Bunaciu Bianca,nim,0.41 kb,31 mar 15 11:47:19,0,Evaluare completa: 0 puncte,cpp,,1410774.cpp,,,https://www.infoarena.ro/job_detail/1410774
1410760,biiaa,Bunaciu Bianca,nim,0.43 kb,31 mar 15 11:43:46,0,Evaluare completa: 0 puncte,cpp,,1410760.cpp,,,https://www.infoarena.ro/job_detail/1410760
1408741,mateidanut,Danut Gabriel Matei,nim,0.35 kb,30 mar 15 11:07:43,100,Evaluare completa: 100 puncte,cpp,,1408741.cpp,,,https://www.infoarena.ro/job_detail/1408741
1401564,AndyCatruna,Catruna Andy,nim,0.40 kb,25 mar 15 23:11:03,100,Evaluare completa: 100 puncte,cpp,,1401564.cpp,,,https://www.infoarena.ro/job_detail/1401564
1401319,paul_danut,Dandelion,nim,0.46 kb,25 mar 15 19:44:19,100,Evaluare completa: 100 puncte,cpp,,1401319.cpp,,,https://www.infoarena.ro/job_detail/1401319
1401140,Tibixb,Andrei Tiberiu,nim,0.33 kb,25 mar 15 17:56:33,100,Evaluare completa: 100 puncte,cpp,,1401140.cpp,,,https://www.infoarena.ro/job_detail/1401140
1401134,Tibixb,Andrei Tiberiu,nim,0.31 kb,25 mar 15 17:54:13,0,Evaluare completa: 0 puncte,cpp,,1401134.cpp,,,https://www.infoarena.ro/job_detail/1401134
1399367,Adrian1997,Radulescu Adrian,nim,0.41 kb,24 mar 15 18:31:59,100,Evaluare completa: 100 puncte,cpp,,1399367.cpp,,,https://www.infoarena.ro/job_detail/1399367
1398528,IonSebastian,Ion Sebastian,nim,0.51 kb,24 mar 15 11:48:00,100,Evaluare completa: 100 puncte,cpp,,1398528.cpp,,,https://www.infoarena.ro/job_detail/1398528
1393911,teoceltare,constantin teodor,nim,0.46 kb,19 mar 15 20:51:28,0,Evaluare completa: 0 puncte,cpp,,1393911.cpp,,,https://www.infoarena.ro/job_detail/1393911
1393907,teoceltare,constantin teodor,nim,0.46 kb,19 mar 15 20:50:22,0,Evaluare completa: 0 puncte,cpp,,1393907.cpp,,,https://www.infoarena.ro/job_detail/1393907
1393904,teoceltare,constantin teodor,nim,0.46 kb,19 mar 15 20:49:03,0,Evaluare completa: 0 puncte,cpp,,1393904.cpp,,,https://www.infoarena.ro/job_detail/1393904
1393089,CiurezAndrei,Ciurez Marius-Andrei,nim,0.54 kb,19 mar 15 08:04:29,100,Evaluare completa: 100 puncte,cpp,,1393089.cpp,,,https://www.infoarena.ro/job_detail/1393089
1390336,mihail.jianu,Jianu Mihail,nim,0.42 kb,16 mar 15 23:08:01,100,Evaluare completa: 100 puncte,cpp,,1390336.cpp,,,https://www.infoarena.ro/job_detail/1390336
1389354,tdr_drt,Tdr Drt,nim,0.27 kb,16 mar 15 10:37:56,100,Evaluare completa: 100 puncte,cpp,,1389354.cpp,,,https://www.infoarena.ro/job_detail/1389354
1386722,badea_adi1999,Badea Adrian Catalin,nim,0.38 kb,13 mar 15 10:49:37,100,Evaluare completa: 100 puncte,cpp,,1386722.cpp,,,https://www.infoarena.ro/job_detail/1386722
1386334,alecsandru,alex cuturela,nim,0.46 kb,12 mar 15 21:37:20,100,Evaluare completa: 100 puncte,cpp,,1386334.cpp,,,https://www.infoarena.ro/job_detail/1386334
1385892,andrei.arnautu,Andi Arnautu,nim,0.43 kb,12 mar 15 15:41:13,100,Evaluare completa: 100 puncte,cpp,,1385892.cpp,,,https://www.infoarena.ro/job_detail/1385892
1384023,emanuel_r,Ramneantu Emanuel,nim,0.60 kb,10 mar 15 20:08:57,100,Evaluare completa: 100 puncte,cpp,,1384023.cpp,,,https://www.infoarena.ro/job_detail/1384023
1384012,emanuel_r,Ramneantu Emanuel,nim,0.52 kb,10 mar 15 20:03:22,90,Evaluare completa: 90 puncte,cpp,,1384012.cpp,,,https://www.infoarena.ro/job_detail/1384012
1384004,emanuel_r,Ramneantu Emanuel,nim,0.46 kb,10 mar 15 20:00:09,90,Evaluare completa: 90 puncte,cpp,,1384004.cpp,,,https://www.infoarena.ro/job_detail/1384004
1382839,retrograd,Lucian Bicsi,nim,0.21 kb,9 mar 15 16:56:37,100,Evaluare completa: 100 puncte,cpp,,1382839.cpp,,,https://www.infoarena.ro/job_detail/1382839
1382837,retrograd,Lucian Bicsi,nim,0.24 kb,9 mar 15 16:55:07,100,Evaluare completa: 100 puncte,cpp,,1382837.cpp,,,https://www.infoarena.ro/job_detail/1382837
1379468,corul_barbatesc,UNIBUC Kira96 lockmihai,nim,1.60 kb,6 mar 15 18:01:05,100,Evaluare completa: 100 puncte,cpp,,1379468.cpp,,,https://www.infoarena.ro/job_detail/1379468
1379297,oprea1si2si3,Oprea Sebastian,nim,0.45 kb,6 mar 15 17:19:26,100,Evaluare completa: 100 puncte,cpp,,1379297.cpp,,,https://www.infoarena.ro/job_detail/1379297
1378000,Andreiii500,Andrei,nim,0.43 kb,6 mar 15 09:59:59,100,Evaluare completa: 100 puncte,cpp,,1378000.cpp,,,https://www.infoarena.ro/job_detail/1378000
1377954,ardeleanadrian,Ardelean Adrian-Florin,nim,0.42 kb,6 mar 15 09:37:02,100,Evaluare completa: 100 puncte,cpp,,1377954.cpp,,,https://www.infoarena.ro/job_detail/1377954
1376265,nacroc,Radu C,nim,0.45 kb,5 mar 15 16:49:16,100,Evaluare completa: 100 puncte,cpp,,1376265.cpp,,,https://www.infoarena.ro/job_detail/1376265
1376262,nacroc,Radu C,nim,0.44 kb,5 mar 15 16:48:32,0,Evaluare completa: 0 puncte,cpp,,1376262.cpp,,,https://www.infoarena.ro/job_detail/1376262
1374826,Flor1nC23,Condrovici Florin,nim,0.37 kb,5 mar 15 10:55:27,100,Evaluare completa: 100 puncte,cpp,,1374826.cpp,,,https://www.infoarena.ro/job_detail/1374826
1370519,dragos99,Homner Dragos,nim,0.36 kb,3 mar 15 15:23:23,100,Evaluare completa: 100 puncte,cpp,,1370519.cpp,,,https://www.infoarena.ro/job_detail/1370519
1370518,dragos99,Homner Dragos,nim,0.35 kb,3 mar 15 15:22:35,0,Evaluare completa: 0 puncte,cpp,,1370518.cpp,,,https://www.infoarena.ro/job_detail/1370518
1370515,dragos99,Homner Dragos,nim,0.35 kb,3 mar 15 15:22:00,0,Evaluare completa: 0 puncte,cpp,,1370515.cpp,,,https://www.infoarena.ro/job_detail/1370515
1368569,margiki,Margeloiu Andrei,nim,0.38 kb,2 mar 15 18:34:50,100,Evaluare completa: 100 puncte,cpp,,1368569.cpp,,,https://www.infoarena.ro/job_detail/1368569
1367727,Eugen01,Vasilescu Eugen,nim,0.36 kb,2 mar 15 02:08:15,100,Evaluare completa: 100 puncte,cpp,,1367727.cpp,,,https://www.infoarena.ro/job_detail/1367727
1364319,mirceadino,Mircea Popoveniuc,nim,0.65 kb,27 feb 15 16:46:32,100,Evaluare completa: 100 puncte,cpp,,1364319.cpp,,,https://www.infoarena.ro/job_detail/1364319
1364048,Pauey,Paula Nicoleta Gradu,nim,0.57 kb,27 feb 15 13:49:24,0,Evaluare completa: 0 puncte,cpp,,1364048.cpp,,,https://www.infoarena.ro/job_detail/1364048
1361601,pepsiM4A1,Ozturk Arif,nim,0.41 kb,25 feb 15 22:28:30,100,Evaluare completa: 100 puncte,cpp,,1361601.cpp,,,https://www.infoarena.ro/job_detail/1361601
1360146,BonCip,Bonciocat Ciprian Mircea,nim,0.39 kb,25 feb 15 12:05:45,100,Evaluare completa: 100 puncte,cpp,,1360146.cpp,,,https://www.infoarena.ro/job_detail/1360146
1356166,robertstreche,Streche Robert,nim,0.40 kb,23 feb 15 11:21:21,100,Evaluare completa: 100 puncte,cpp,,1356166.cpp,,,https://www.infoarena.ro/job_detail/1356166
1356164,robertstreche,Streche Robert,nim,0.40 kb,23 feb 15 11:20:37,0,Evaluare completa: 0 puncte,cpp,,1356164.cpp,,,https://www.infoarena.ro/job_detail/1356164
1349979,mihai_ilas,Mihai Ilas,nim,0.39 kb,20 feb 15 16:34:11,100,Evaluare completa: 100 puncte,cpp,,1349979.cpp,,,https://www.infoarena.ro/job_detail/1349979
1349974,mihai_ilas,Mihai Ilas,nim,0.39 kb,20 feb 15 16:30:33,0,Evaluare completa: 0 puncte,cpp,,1349974.cpp,,,https://www.infoarena.ro/job_detail/1349974
1338560,hopingsteam,Matraguna Mihai-Alexandru,nim,0.50 kb,10 feb 15 09:19:26,100,Evaluare completa: 100 puncte,cpp,,1338560.cpp,,,https://www.infoarena.ro/job_detail/1338560
1338390,thewildnath,Nathan Wildenberg,nim,0.41 kb,9 feb 15 23:29:35,100,Evaluare completa: 100 puncte,cpp,,1338390.cpp,,,https://www.infoarena.ro/job_detail/1338390
1338387,thewildnath,Nathan Wildenberg,nim,0.57 kb,9 feb 15 23:28:26,0,Evaluare completa: 0 puncte,cpp,,1338387.cpp,,,https://www.infoarena.ro/job_detail/1338387
1334063,somu,Banil Ardej,nim,0.52 kb,3 feb 15 21:13:30,100,Evaluare completa: 100 puncte,cpp,,1334063.cpp,,,https://www.infoarena.ro/job_detail/1334063
1325165,rogoz.bogdan,Rogoz Bogdan,nim,0.53 kb,23 ian 15 14:01:07,100,Evaluare completa: 100 puncte,cpp,,1325165.cpp,,,https://www.infoarena.ro/job_detail/1325165
1322774,radu_unicul,eu sunt radu,nim,0.49 kb,20 ian 15 13:28:08,100,Evaluare completa: 100 puncte,cpp,,1322774.cpp,,,https://www.infoarena.ro/job_detail/1322774
1322535,ZeBuGgEr,Casapu Andreas,nim,0.35 kb,20 ian 15 09:27:56,100,Evaluare completa: 100 puncte,cpp,,1322535.cpp,,,https://www.infoarena.ro/job_detail/1322535
1321643,Yasin_ibraim,Ibraim Yasin,nim,0.45 kb,19 ian 15 14:00:19,100,Evaluare completa: 100 puncte,cpp,,1321643.cpp,,,https://www.infoarena.ro/job_detail/1321643
1312794,fluture.godlike,Gafton Mihnea Alexandru,nim,0.43 kb,9 ian 15 22:32:48,100,Evaluare completa: 100 puncte,cpp,,1312794.cpp,,,https://www.infoarena.ro/job_detail/1312794
1307886,danyro364,Savu Ioan Daniel,nim,0.39 kb,2 ian 15 23:43:12,100,Evaluare completa: 100 puncte,cpp,,1307886.cpp,,,https://www.infoarena.ro/job_detail/1307886
1307761,ovidiuz98,Zamfir Ovidiu,nim,0.45 kb,2 ian 15 19:51:08,100,Evaluare completa: 100 puncte,cpp,,1307761.cpp,,,https://www.infoarena.ro/job_detail/1307761
1302450,marian98,Horodnic Gheorghe Marian,nim,0.71 kb,26 dec 14 21:47:13,0,Evaluare completa: 0 puncte,cpp,,1302450.cpp,,,https://www.infoarena.ro/job_detail/1302450
1302447,marian98,Horodnic Gheorghe Marian,nim,0.98 kb,26 dec 14 21:43:44,0,Evaluare completa: 0 puncte,cpp,,1302447.cpp,,,https://www.infoarena.ro/job_detail/1302447
1299006,Marius7122,FMI Ciltea Marian,nim,0.43 kb,23 dec 14 13:44:07,100,Evaluare completa: 100 puncte,cpp,,1299006.cpp,,,https://www.infoarena.ro/job_detail/1299006
1298994,Marius7122,FMI Ciltea Marian,nim,0.57 kb,23 dec 14 13:39:45,0,Evaluare completa: 0 puncte,cpp,,1298994.cpp,,,https://www.infoarena.ro/job_detail/1298994
1292867,Al3ks1002,Alex Cociorva,nim,0.80 kb,14 dec 14 21:36:47,100,Evaluare completa: 100 puncte,cpp,,1292867.cpp,,,https://www.infoarena.ro/job_detail/1292867
1289444,Marron,Marron,nim,0.36 kb,9 dec 14 21:30:09,100,Evaluare completa: 100 puncte,cpp,,1289444.cpp,,,https://www.infoarena.ro/job_detail/1289444
1283803,george_stelian,Chichirim George,nim,0.41 kb,6 dec 14 00:48:53,100,Evaluare completa: 100 puncte,cpp,,1283803.cpp,,,https://www.infoarena.ro/job_detail/1283803
1281523,roxannemafteiu,Mafteiu-Scai Roxana,nim,0.53 kb,3 dec 14 11:56:47,100,Evaluare completa: 100 puncte,cpp,,1281523.cpp,,,https://www.infoarena.ro/job_detail/1281523
1278684,Alex_Simion,Simion Alexandru,nim,0.36 kb,29 nov 14 11:01:32,100,Evaluare completa: 100 puncte,cpp,,1278684.cpp,,,https://www.infoarena.ro/job_detail/1278684
1278683,Alex_Simion,Simion Alexandru,nim,0.36 kb,29 nov 14 11:00:05,0,Evaluare completa: 0 puncte,cpp,,1278683.cpp,,,https://www.infoarena.ro/job_detail/1278683
1278682,Alex_Simion,Simion Alexandru,nim,0.36 kb,29 nov 14 10:59:18,0,Evaluare completa: 0 puncte,cpp,,1278682.cpp,,,https://www.infoarena.ro/job_detail/1278682
1267901,alexpetrescu,Alexandru Petrescu,nim,0.53 kb,20 nov 14 14:27:52,100,Evaluare completa: 100 puncte,c,,1267901.c,,,https://www.infoarena.ro/job_detail/1267901
1267703,TheGuy,Blajan Vlad,nim,0.46 kb,20 nov 14 09:09:06,100,Evaluare completa: 100 puncte,cpp,,1267703.cpp,,,https://www.infoarena.ro/job_detail/1267703
1267701,TheGuy,Blajan Vlad,nim,0.39 kb,20 nov 14 09:08:10,0,Evaluare completa: 0 puncte,cpp,,1267701.cpp,,,https://www.infoarena.ro/job_detail/1267701
1266917,cella.florescu,Cella Florescu,nim,0.49 kb,19 nov 14 11:55:38,100,Evaluare completa: 100 puncte,c,,1266917.c,,,https://www.infoarena.ro/job_detail/1266917
1266851,gapdan,Popescu George,nim,0.41 kb,19 nov 14 09:18:19,100,Evaluare completa: 100 puncte,cpp,,1266851.cpp,,,https://www.infoarena.ro/job_detail/1266851
1266849,gapdan,Popescu George,nim,0.40 kb,19 nov 14 09:16:08,0,Evaluare completa: 0 puncte,cpp,,1266849.cpp,,,https://www.infoarena.ro/job_detail/1266849
1266847,gapdan,Popescu George,nim,0.40 kb,19 nov 14 09:12:02,0,Evaluare completa: 0 puncte,cpp,,1266847.cpp,,,https://www.infoarena.ro/job_detail/1266847
1266846,gapdan,Popescu George,nim,0.40 kb,19 nov 14 09:09:38,0,Evaluare completa: 0 puncte,cpp,,1266846.cpp,,,https://www.infoarena.ro/job_detail/1266846
1264602,laurageorgescu,Laura Georgescu,nim,0.44 kb,15 nov 14 22:44:19,100,Evaluare completa: 100 puncte,cpp,,1264602.cpp,,,https://www.infoarena.ro/job_detail/1264602
1264275,j.loves_rock,Jessica Joanne Patrascu,nim,0.48 kb,15 nov 14 17:47:47,100,Evaluare completa: 100 puncte,cpp,,1264275.cpp,,,https://www.infoarena.ro/job_detail/1264275
1262361,vlady1997,Vlad Bucur,nim,0.66 kb,13 nov 14 09:21:04,100,Evaluare completa: 100 puncte,cpp,,1262361.cpp,,,https://www.infoarena.ro/job_detail/1262361
1261728,RaduGabriel2012,Dinu Radu,nim,0.33 kb,12 nov 14 17:26:35,100,Evaluare completa: 100 puncte,cpp,,1261728.cpp,,,https://www.infoarena.ro/job_detail/1261728
1258528,gerd13,David Gergely,nim,0.51 kb,8 nov 14 23:55:53,100,Evaluare completa: 100 puncte,cpp,,1258528.cpp,,,https://www.infoarena.ro/job_detail/1258528
1255747,0051,David Sera,nim,0.46 kb,5 nov 14 08:22:09,100,Evaluare completa: 100 puncte,cpp,,1255747.cpp,,,https://www.infoarena.ro/job_detail/1255747
1255338,gabimoise,Moise Gabriel,nim,0.45 kb,4 nov 14 18:28:24,100,Evaluare completa: 100 puncte,cpp,,1255338.cpp,,,https://www.infoarena.ro/job_detail/1255338
1251720,dr_personality,Eftime Andrei Horatiu,nim,0.36 kb,29 oct 14 20:28:48,100,Evaluare completa: 100 puncte,cpp,,1251720.cpp,,,https://www.infoarena.ro/job_detail/1251720
1249936,okros_alexandru,Okros Alexandru,nim,0.42 kb,27 oct 14 17:48:37,100,Evaluare completa: 100 puncte,cpp,,1249936.cpp,,,https://www.infoarena.ro/job_detail/1249936
1231621,Lycrs,Trifan Tamara,nim,0.36 kb,21 sep 14 08:57:56,100,Evaluare completa: 100 puncte,cpp,,1231621.cpp,,,https://www.infoarena.ro/job_detail/1231621
1231469,thinkphp,Adrian Statescu,nim,0.94 kb,20 sep 14 19:08:24,100,Evaluare completa: 100 puncte,c,,1231469.c,,,https://www.infoarena.ro/job_detail/1231469
1229606,andreas.chelsau,Andreas Chelsau,nim,0.33 kb,17 sep 14 20:07:25,100,Evaluare completa: 100 puncte,cpp,,1229606.cpp,,,https://www.infoarena.ro/job_detail/1229606
1229371,CostanMiriam,Costan Miriam,nim,0.33 kb,17 sep 14 00:35:35,100,Evaluare completa: 100 puncte,cpp,,1229371.cpp,,,https://www.infoarena.ro/job_detail/1229371
1224345,Narcis_Necula,Necula Narcis,nim,0.27 kb,30 aug 14 17:18:24,100,Evaluare completa: 100 puncte,cpp,,1224345.cpp,,,https://www.infoarena.ro/job_detail/1224345
1223833,buzu.tudor67,Tudor Buzu,nim,0.42 kb,28 aug 14 22:40:48,100,Evaluare completa: 100 puncte,cpp,,1223833.cpp,,,https://www.infoarena.ro/job_detail/1223833
1222363,atatomir,Tatomir Alex,nim,0.40 kb,22 aug 14 22:50:43,100,Evaluare completa: 100 puncte,cpp,,1222363.cpp,,,https://www.infoarena.ro/job_detail/1222363
1221181,acom,Andrei Comaneci,nim,0.42 kb,19 aug 14 20:01:09,100,Evaluare completa: 100 puncte,cpp,,1221181.cpp,,,https://www.infoarena.ro/job_detail/1221181
1220474,ptquake10,ptquake10,nim,0.52 kb,17 aug 14 14:47:54,100,Evaluare completa: 100 puncte,cpp,,1220474.cpp,,,https://www.infoarena.ro/job_detail/1220474
1219189,mihaimusat,Mihai Musat,nim,0.35 kb,13 aug 14 17:23:42,100,Evaluare completa: 100 puncte,cpp,,1219189.cpp,,,https://www.infoarena.ro/job_detail/1219189
1218421,cojocarugabi,Reality,nim,0.27 kb,10 aug 14 23:36:02,100,Evaluare completa: 100 puncte,cpp,,1218421.cpp,,,https://www.infoarena.ro/job_detail/1218421
1217380,azkaban,cont-vechi,nim,0.45 kb,7 aug 14 11:53:50,100,Evaluare completa: 100 puncte,cpp,,1217380.cpp,,,https://www.infoarena.ro/job_detail/1217380
1217202,mikeshadow,Ion Complot,nim,0.51 kb,6 aug 14 21:09:00,100,Evaluare completa: 100 puncte,cpp,,1217202.cpp,,,https://www.infoarena.ro/job_detail/1217202
1214821,hrazvan,Harsan Razvan,nim,0.42 kb,31 iul 14 15:21:07,100,Evaluare completa: 100 puncte,c,,1214821.c,,,https://www.infoarena.ro/job_detail/1214821
1212898,mariusn01,Marius Nicoli,nim,0.33 kb,26 iul 14 13:54:22,100,Evaluare completa: 100 puncte,cpp,,1212898.cpp,,,https://www.infoarena.ro/job_detail/1212898
1212309,mvcl3,Marian Iacob,nim,0.58 kb,24 iul 14 13:11:54,100,Evaluare completa: 100 puncte,cpp,,1212309.cpp,,,https://www.infoarena.ro/job_detail/1212309
1209438,bogdanboboc97,Bogdan Boboc,nim,0.26 kb,17 iul 14 18:01:21,100,Evaluare completa: 100 puncte,cpp,,1209438.cpp,,,https://www.infoarena.ro/job_detail/1209438
1209424,bogdanboboc97,Bogdan Boboc,nim,0.29 kb,17 iul 14 17:33:31,100,Evaluare completa: 100 puncte,cpp,,1209424.cpp,,,https://www.infoarena.ro/job_detail/1209424
1208590,robert.onesim,Robert Onesim,nim,0.40 kb,16 iul 14 10:13:56,100,Evaluare completa: 100 puncte,cpp,,1208590.cpp,,,https://www.infoarena.ro/job_detail/1208590
1204050,Cristian1997,Vintur Cristian,nim,0.32 kb,1 iul 14 20:56:46,100,Evaluare completa: 100 puncte,cpp,,1204050.cpp,,,https://www.infoarena.ro/job_detail/1204050
1202234,azkaban,cont-vechi,nim,0.45 kb,27 iun 14 13:17:48,100,Evaluare completa: 100 puncte,cpp,,1202234.cpp,,,https://www.infoarena.ro/job_detail/1202234
1197212,BogdanOuatu,Ouatu Bogdan-Ioan,nim,0.46 kb,11 iun 14 10:50:17,100,Evaluare completa: 100 puncte,cpp,,1197212.cpp,,,https://www.infoarena.ro/job_detail/1197212
1194937,alex_bucevschi,Bucevschi Alexandru,nim,0.37 kb,5 iun 14 13:45:42,100,Evaluare completa: 100 puncte,cpp,,1194937.cpp,,,https://www.infoarena.ro/job_detail/1194937
1193566,hasmasandragos,Hasmasan Dragos,nim,0.32 kb,31 mai 14 23:45:31,100,Evaluare completa: 100 puncte,cpp,,1193566.cpp,,,https://www.infoarena.ro/job_detail/1193566
1193528,Zenus,Tudor Costin Razvan,nim,0.35 kb,31 mai 14 22:50:23,100,Evaluare completa: 100 puncte,cpp,,1193528.cpp,,,https://www.infoarena.ro/job_detail/1193528
1189099,gbib,Bacotiu Gabi,nim,0.29 kb,21 mai 14 12:31:48,100,Evaluare completa: 100 puncte,cpp,,1189099.cpp,,,https://www.infoarena.ro/job_detail/1189099
1188949,AndreiBarbuta,Andrei Barbuta,nim,0.44 kb,20 mai 14 21:32:10,100,Evaluare completa: 100 puncte,cpp,,1188949.cpp,,,https://www.infoarena.ro/job_detail/1188949
1188947,AndreiBarbuta,Andrei Barbuta,nim,0.42 kb,20 mai 14 21:29:33,0,Evaluare completa: 0 puncte,cpp,,1188947.cpp,,,https://www.infoarena.ro/job_detail/1188947
1188747,xtreme77,Patrick Sava,nim,0.41 kb,20 mai 14 15:24:23,100,Evaluare completa: 100 puncte,cpp,,1188747.cpp,,,https://www.infoarena.ro/job_detail/1188747
1188673,andreiag,Andrei Galusca,nim,0.39 kb,20 mai 14 11:00:27,100,Evaluare completa: 100 puncte,cpp,,1188673.cpp,,,https://www.infoarena.ro/job_detail/1188673
1184927,andreey_047,Andrei Maxim,nim,0.35 kb,14 mai 14 17:21:51,100,Evaluare completa: 100 puncte,cpp,,1184927.cpp,,,https://www.infoarena.ro/job_detail/1184927
1184699,cristian.caldarea,Caldarea Cristian Daniel,nim,1.18 kb,13 mai 14 20:46:05,0,Evaluare completa: 0 puncte,cpp,,1184699.cpp,,,https://www.infoarena.ro/job_detail/1184699
1182996,5t3f,ristea stefan,nim,0.54 kb,8 mai 14 11:51:49,100,Evaluare completa: 100 puncte,cpp,,1182996.cpp,,,https://www.infoarena.ro/job_detail/1182996
1182994,5t3f,ristea stefan,nim,0.54 kb,8 mai 14 11:49:10,0,Evaluare completa: 0 puncte,cpp,,1182994.cpp,,,https://www.infoarena.ro/job_detail/1182994
1182992,5t3f,ristea stefan,nim,0.53 kb,8 mai 14 11:48:22,0,Evaluare completa: 0 puncte,cpp,,1182992.cpp,,,https://www.infoarena.ro/job_detail/1182992
1182990,5t3f,ristea stefan,nim,0.53 kb,8 mai 14 11:47:28,0,Evaluare completa: 0 puncte,cpp,,1182990.cpp,,,https://www.infoarena.ro/job_detail/1182990
1182989,5t3f,ristea stefan,nim,0.52 kb,8 mai 14 11:45:37,0,Evaluare completa: 0 puncte,cpp,,1182989.cpp,,,https://www.infoarena.ro/job_detail/1182989
1182968,ducu34,Albastroiu Radu Gabriel,nim,0.37 kb,8 mai 14 08:45:48,100,Evaluare completa: 100 puncte,cpp,,1182968.cpp,,,https://www.infoarena.ro/job_detail/1182968
1182967,ducu34,Albastroiu Radu Gabriel,nim,0.37 kb,8 mai 14 08:44:54,50,Evaluare completa: 50 puncte,cpp,,1182967.cpp,,,https://www.infoarena.ro/job_detail/1182967
1182741,Platenites,Voicu Cristian,nim,0.42 kb,7 mai 14 13:09:27,100,Evaluare completa: 100 puncte,cpp,,1182741.cpp,,,https://www.infoarena.ro/job_detail/1182741
1181758,TimeAttack,Timer Roby,nim,0.40 kb,3 mai 14 17:00:14,100,Evaluare completa: 100 puncte,cpp,,1181758.cpp,,,https://www.infoarena.ro/job_detail/1181758
1180445,oprea1si2si3,Oprea Sebastian,nim,0.42 kb,30 apr 14 17:50:56,100,Evaluare completa: 100 puncte,cpp,,1180445.cpp,,,https://www.infoarena.ro/job_detail/1180445
1180409,Djok,Valeriu Motroi,nim,0.54 kb,30 apr 14 16:49:02,100,Evaluare completa: 100 puncte,pascal,,1180409.pas,,,https://www.infoarena.ro/job_detail/1180409
1179790,Flameingo,Aiordachioaei Marius,nim,0.44 kb,29 apr 14 12:27:11,100,Evaluare completa: 100 puncte,cpp,,1179790.cpp,,,https://www.infoarena.ro/job_detail/1179790
1171113,Dorian7,Casapu Dorian,nim,0.29 kb,15 apr 14 10:13:45,100,Evaluare completa: 100 puncte,cpp,,1171113.cpp,,,https://www.infoarena.ro/job_detail/1171113
1171112,Dorian7,Casapu Dorian,nim,0.29 kb,15 apr 14 10:12:52,0,Evaluare completa: 0 puncte,cpp,,1171112.cpp,,,https://www.infoarena.ro/job_detail/1171112
1168217,BlackLord,FMI Alex Oprea,nim,0.44 kb,7 apr 14 15:12:51,100,Evaluare completa: 100 puncte,cpp,,1168217.cpp,,,https://www.infoarena.ro/job_detail/1168217
1166127,UVS_Elfus_Deneo_Kira,UVS-Elfus-Dutzul-Kira,nim,0.89 kb,3 apr 14 11:31:25,100,Evaluare completa: 100 puncte,cpp,,1166127.cpp,,,https://www.infoarena.ro/job_detail/1166127
1165996,UVS_Elfus_Deneo_Kira,UVS-Elfus-Dutzul-Kira,nim,0.89 kb,3 apr 14 09:16:05,0,Evaluare completa: 0 puncte,cpp,,1165996.cpp,,,https://www.infoarena.ro/job_detail/1165996
1165984,UVS_Elfus_Deneo_Kira,UVS-Elfus-Dutzul-Kira,nim,0.89 kb,3 apr 14 08:56:11,100,Evaluare completa: 100 puncte,cpp,,1165984.cpp,,,https://www.infoarena.ro/job_detail/1165984
1164392,TarabanDragos,Taraban Dragos-Petru,nim,0.46 kb,2 apr 14 00:51:40,100,Evaluare completa: 100 puncte,cpp,,1164392.cpp,,,https://www.infoarena.ro/job_detail/1164392
1164289,iordache.bogdan,Iordache Ioan-Bogdan,nim,0.34 kb,1 apr 14 23:20:19,100,Evaluare completa: 100 puncte,cpp,,1164289.cpp,,,https://www.infoarena.ro/job_detail/1164289
1163126,chiriacandrei25,Chiriac Andrei,nim,0.43 kb,1 apr 14 10:30:15,100,Evaluare completa: 100 puncte,cpp,,1163126.cpp,,,https://www.infoarena.ro/job_detail/1163126
1162316,tudorv96,Tudor Varan,nim,0.39 kb,31 mar 14 19:20:41,100,Evaluare completa: 100 puncte,cpp,,1162316.cpp,,,https://www.infoarena.ro/job_detail/1162316
1161846,Timitoc,Ardelean Andrei Timotei,nim,0.55 kb,31 mar 14 14:49:29,100,Evaluare completa: 100 puncte,cpp,,1161846.cpp,,,https://www.infoarena.ro/job_detail/1161846
1160752,CosminRusu,Cosmin Rusu,nim,1.38 kb,30 mar 14 19:22:17,100,Evaluare completa: 100 puncte,cpp,,1160752.cpp,,,https://www.infoarena.ro/job_detail/1160752
1160751,CosminRusu,Cosmin Rusu,nim,2.85 kb,30 mar 14 19:21:43,0,Evaluare completa: 0 puncte,cpp,,1160751.cpp,,,https://www.infoarena.ro/job_detail/1160751
1153450,gabrielinelus,Gabriel-Robert Inelus,nim,0.50 kb,25 mar 14 14:41:34,100,Evaluare completa: 100 puncte,cpp,,1153450.cpp,,,https://www.infoarena.ro/job_detail/1153450
1150199,Dddarius95,Darius-Florentin Neatu,nim,0.34 kb,22 mar 14 17:39:31,100,Evaluare completa: 100 puncte,cpp,,1150199.cpp,,,https://www.infoarena.ro/job_detail/1150199
1145944,nickul,Nic Kul,nim,0.26 kb,18 mar 14 16:14:57,100,Evaluare completa: 100 puncte,cpp,,1145944.cpp,,,https://www.infoarena.ro/job_detail/1145944
1145731,SilverG,Silver Gains,nim,0.34 kb,18 mar 14 13:32:39,100,Evaluare completa: 100 puncte,cpp,,1145731.cpp,,,https://www.infoarena.ro/job_detail/1145731
1145728,SilverG,Silver Gains,nim,0.33 kb,18 mar 14 13:31:30,0,Evaluare completa: 0 puncte,cpp,,1145728.cpp,,,https://www.infoarena.ro/job_detail/1145728
1144850,BeilandArnold,Arnold Beiland,nim,0.28 kb,17 mar 14 17:54:58,100,Evaluare completa: 100 puncte,cpp,,1144850.cpp,,,https://www.infoarena.ro/job_detail/1144850
1141556,alex_ovidiunitu,Alex Ovidiu Nitu,nim,0.43 kb,12 mar 14 22:52:39,100,Evaluare completa: 100 puncte,cpp,,1141556.cpp,,,https://www.infoarena.ro/job_detail/1141556
1135244,kiralala,Chitoraga Dumitru,nim,0.48 kb,7 mar 14 15:59:22,100,Evaluare completa: 100 puncte,cpp,,1135244.cpp,,,https://www.infoarena.ro/job_detail/1135244
1133891,RazvanR104,Razvan-Andrei Ciocoiu,nim,0.47 kb,5 mar 14 19:42:07,100,Evaluare completa: 100 puncte,cpp,,1133891.cpp,,,https://www.infoarena.ro/job_detail/1133891
1132584,antonioteo,Zait Teodor Antonio,nim,0.35 kb,3 mar 14 17:40:49,100,Evaluare completa: 100 puncte,cpp,,1132584.cpp,,,https://www.infoarena.ro/job_detail/1132584
1132582,antonioteo,Zait Teodor Antonio,nim,0.33 kb,3 mar 14 17:39:23,0,Evaluare completa: 0 puncte,cpp,,1132582.cpp,,,https://www.infoarena.ro/job_detail/1132582
1131384,span7a,Razvan,nim,0.35 kb,28 feb 14 19:47:35,100,Evaluare completa: 100 puncte,cpp,,1131384.cpp,,,https://www.infoarena.ro/job_detail/1131384
1131382,span7a,Razvan,nim,0.34 kb,28 feb 14 19:46:51,0,Evaluare completa: 0 puncte,cpp,,1131382.cpp,,,https://www.infoarena.ro/job_detail/1131382
1130932,deresuroberto,FMI - Deresu Roberto,nim,0.38 kb,28 feb 14 16:36:08,100,Evaluare completa: 100 puncte,cpp,,1130932.cpp,,,https://www.infoarena.ro/job_detail/1130932
1130677,Sirius2001,Happy Birthday,nim,0.38 kb,28 feb 14 14:46:55,100,Evaluare completa: 100 puncte,cpp,,1130677.cpp,,,https://www.infoarena.ro/job_detail/1130677
1130676,Sirius2001,Happy Birthday,nim,0.38 kb,28 feb 14 14:46:28,0,Evaluare completa: 0 puncte,cpp,,1130676.cpp,,,https://www.infoarena.ro/job_detail/1130676
1130417,otto1,Palaga Vicentiu-Octavian,nim,0.49 kb,28 feb 14 13:11:40,100,Evaluare completa: 100 puncte,cpp,,1130417.cpp,,,https://www.infoarena.ro/job_detail/1130417
1126618,crisbodnar,Cristian Bodnar,nim,0.42 kb,27 feb 14 08:15:30,100,Evaluare completa: 100 puncte,cpp,,1126618.cpp,,,https://www.infoarena.ro/job_detail/1126618
1125838,denis_tdr,denis tdr,nim,0.35 kb,26 feb 14 19:45:54,100,Evaluare completa: 100 puncte,cpp,,1125838.cpp,,,https://www.infoarena.ro/job_detail/1125838
1121583,Denisache,Denis Ehorovici,nim,0.37 kb,25 feb 14 13:17:18,100,Evaluare completa: 100 puncte,cpp,,1121583.cpp,,,https://www.infoarena.ro/job_detail/1121583
1121560,Denisache,Denis Ehorovici,nim,0.38 kb,25 feb 14 13:14:22,0,Evaluare completa: 0 puncte,cpp,,1121560.cpp,,,https://www.infoarena.ro/job_detail/1121560
1121282,ArmandNM,Armand Nicolicioiu,nim,0.47 kb,25 feb 14 12:22:07,100,Evaluare completa: 100 puncte,cpp,,1121282.cpp,,,https://www.infoarena.ro/job_detail/1121282
1121274,ArmandNM,Armand Nicolicioiu,nim,0.44 kb,25 feb 14 12:20:16,0,Evaluare completa: 0 puncte,cpp,,1121274.cpp,,,https://www.infoarena.ro/job_detail/1121274
1119685,gbi250,Gabriela Moldovan,nim,0.44 kb,24 feb 14 19:30:16,100,Evaluare completa: 100 puncte,cpp,,1119685.cpp,,,https://www.infoarena.ro/job_detail/1119685
1119481,Thomas,FMI Suditu Thomas,nim,0.36 kb,24 feb 14 18:06:40,100,Evaluare completa: 100 puncte,cpp,,1119481.cpp,,,https://www.infoarena.ro/job_detail/1119481
1117628,federer,UAIC-Padurariu-Cristian,nim,0.32 kb,23 feb 14 18:14:05,100,Evaluare completa: 100 puncte,cpp,,1117628.cpp,,,https://www.infoarena.ro/job_detail/1117628
1114158,Patrik,Stepan Patrik,nim,0.54 kb,21 feb 14 12:40:14,100,Evaluare completa: 100 puncte,cpp,,1114158.cpp,,,https://www.infoarena.ro/job_detail/1114158
1111015,cat_red20,Vasile Ioana,nim,0.39 kb,18 feb 14 16:24:01,100,Evaluare completa: 100 puncte,cpp,,1111015.cpp,,,https://www.infoarena.ro/job_detail/1111015
1107658,andrei.sfrent,Sfrent Andrei,nim,0.35 kb,14 feb 14 01:23:33,100,Evaluare completa: 100 puncte,cpp,,1107658.cpp,,,https://www.infoarena.ro/job_detail/1107658
1101034,teoionescu,Ionescu Teodor,nim,0.32 kb,7 feb 14 20:55:48,100,Evaluare completa: 100 puncte,cpp,,1101034.cpp,,,https://www.infoarena.ro/job_detail/1101034
1091315,crisbodnar,Cristian Bodnar,nim,0.43 kb,25 ian 14 16:25:15,100,Evaluare completa: 100 puncte,cpp,,1091315.cpp,,,https://www.infoarena.ro/job_detail/1091315
1087084,dobrebogdan,Dobre Bogdan Mihai,nim,0.38 kb,18 ian 14 21:58:30,100,Evaluare completa: 100 puncte,cpp,,1087084.cpp,,,https://www.infoarena.ro/job_detail/1087084
1086861,Mihai_Chihai,Mihai Chihai,nim,0.63 kb,18 ian 14 17:03:25,100,Evaluare completa: 100 puncte,pascal,,1086861.pas,,,https://www.infoarena.ro/job_detail/1086861
1086860,Mihai_Chihai,Mihai Chihai,nim,0.54 kb,18 ian 14 17:01:00,80,Evaluare completa: 80 puncte,pascal,,1086860.pas,,,https://www.infoarena.ro/job_detail/1086860
1083743,iarba,Crestez Paul,nim,0.33 kb,16 ian 14 12:53:30,100,Evaluare completa: 100 puncte,cpp,,1083743.cpp,,,https://www.infoarena.ro/job_detail/1083743
1082077,https,Lup Vasile,nim,0.38 kb,14 ian 14 10:14:59,100,Evaluare completa: 100 puncte,cpp,,1082077.cpp,,,https://www.infoarena.ro/job_detail/1082077
1075295,DaNutZ2UuU,UBB Bora Dan,nim,0.37 kb,8 ian 14 20:18:36,100,Evaluare completa: 100 puncte,cpp,,1075295.cpp,,,https://www.infoarena.ro/job_detail/1075295
1070305,roby2001,Sirius,nim,0.38 kb,31 dec 13 16:38:50,100,Evaluare completa: 100 puncte,cpp,,1070305.cpp,,,https://www.infoarena.ro/job_detail/1070305
1069213,dotix,Radu-Bogdan Croitoru,nim,0.39 kb,29 dec 13 16:24:39,100,Evaluare completa: 100 puncte,cpp,,1069213.cpp,,,https://www.infoarena.ro/job_detail/1069213
1069066,dotix,Radu-Bogdan Croitoru,nim,0.38 kb,29 dec 13 13:17:21,0,Evaluare completa: 0 puncte,cpp,,1069066.cpp,,,https://www.infoarena.ro/job_detail/1069066
1069062,dotix,Radu-Bogdan Croitoru,nim,0.38 kb,29 dec 13 13:12:49,0,Evaluare completa: 0 puncte,cpp,,1069062.cpp,,,https://www.infoarena.ro/job_detail/1069062
1067395,petretiberiu46,Petre Tiberiu,nim,0.48 kb,26 dec 13 19:36:14,100,Evaluare completa: 100 puncte,cpp,,1067395.cpp,,,https://www.infoarena.ro/job_detail/1067395
1060014,kitz,Timofte Bogdan,nim,0.31 kb,17 dec 13 14:40:54,100,Evaluare completa: 100 puncte,cpp,,1060014.cpp,,,https://www.infoarena.ro/job_detail/1060014
1060013,kitz,Timofte Bogdan,nim,0.33 kb,17 dec 13 14:39:48,100,Evaluare completa: 100 puncte,cpp,,1060013.cpp,,,https://www.infoarena.ro/job_detail/1060013
1052449,laszloasandor,Laszlo Sandor,nim,0.37 kb,11 dec 13 12:22:05,100,Evaluare completa: 100 puncte,cpp,,1052449.cpp,,,https://www.infoarena.ro/job_detail/1052449
1052448,laszloasandor,Laszlo Sandor,nim,0.35 kb,11 dec 13 12:21:05,0,Evaluare completa: 0 puncte,cpp,,1052448.cpp,,,https://www.infoarena.ro/job_detail/1052448
1052447,laszloasandor,Laszlo Sandor,nim,0.35 kb,11 dec 13 12:21:01,0,Evaluare completa: 0 puncte,cpp,,1052447.cpp,,,https://www.infoarena.ro/job_detail/1052447
1052446,laszloasandor,Laszlo Sandor,nim,0.36 kb,11 dec 13 12:19:01,0,Evaluare completa: 0 puncte,cpp,,1052446.cpp,,,https://www.infoarena.ro/job_detail/1052446
1045947,hevelebalazs,hevele balazs,nim,0.33 kb,2 dec 13 14:10:11,100,Evaluare completa: 100 puncte,cpp,,1045947.cpp,,,https://www.infoarena.ro/job_detail/1045947
1039826,szili,Mandici Szilard,nim,0.57 kb,23 nov 13 17:14:57,100,Evaluare completa: 100 puncte,cpp,,1039826.cpp,,,https://www.infoarena.ro/job_detail/1039826
1039299,diana97,Diana Ghinea,nim,0.40 kb,22 nov 13 19:49:12,100,Evaluare completa: 100 puncte,cpp,,1039299.cpp,,,https://www.infoarena.ro/job_detail/1039299
1029320,Raba_Sebastian,Raba Sebastian Stefan,nim,0.38 kb,15 nov 13 12:49:45,100,Evaluare completa: 100 puncte,cpp,,1029320.cpp,,,https://www.infoarena.ro/job_detail/1029320
1023604,andreifirst,Cioara Andrei Ioan,nim,1.32 kb,7 nov 13 13:22:59,100,Evaluare completa: 100 puncte,cpp,,1023604.cpp,,,https://www.infoarena.ro/job_detail/1023604
1021935,vladrochian,Vlad Rochian,nim,0.28 kb,4 nov 13 14:57:26,100,Evaluare completa: 100 puncte,cpp,,1021935.cpp,,,https://www.infoarena.ro/job_detail/1021935
1021241,cozmin97,Gemene Cozmin,nim,0.41 kb,3 nov 13 15:59:09,100,Evaluare completa: 100 puncte,cpp,,1021241.cpp,,,https://www.infoarena.ro/job_detail/1021241
1019892,mirceadino,Mircea Popoveniuc,nim,0.40 kb,1 nov 13 09:10:17,100,Evaluare completa: 100 puncte,cpp,,1019892.cpp,,,https://www.infoarena.ro/job_detail/1019892
1011980,CostinV,FMI CostinVictorGabriel,nim,0.42 kb,17 oct 13 20:31:22,100,Evaluare completa: 100 puncte,cpp,,1011980.cpp,,,https://www.infoarena.ro/job_detail/1011980
1011975,CostinV,FMI CostinVictorGabriel,nim,0.42 kb,17 oct 13 20:23:55,0,Evaluare completa: 0 puncte,cpp,,1011975.cpp,,,https://www.infoarena.ro/job_detail/1011975
1011117,lucian.okapi,Nestian Lucian-Dan,nim,0.43 kb,16 oct 13 11:05:47,100,Evaluare completa: 100 puncte,cpp,,1011117.cpp,,,https://www.infoarena.ro/job_detail/1011117
1011111,lucian.okapi,Nestian Lucian-Dan,nim,0.43 kb,16 oct 13 10:50:28,0,Evaluare completa: 0 puncte,cpp,,1011111.cpp,,,https://www.infoarena.ro/job_detail/1011111
1011106,lucian.okapi,Nestian Lucian-Dan,nim,0.43 kb,16 oct 13 10:47:49,0,Eroare de compilare: 0 puncte,cpp,,1011106.cpp,,,https://www.infoarena.ro/job_detail/1011106
1009802,timics,Ioana Tamas,nim,0.42 kb,13 oct 13 21:04:51,100,Evaluare completa: 100 puncte,cpp,,1009802.cpp,,,https://www.infoarena.ro/job_detail/1009802
1007504,alexandru70,Ungurianu Alexandru,nim,0.33 kb,8 oct 13 23:11:08,100,Evaluare completa: 100 puncte,cpp,,1007504.cpp,,,https://www.infoarena.ro/job_detail/1007504
1007503,alexandru70,Ungurianu Alexandru,nim,0.32 kb,8 oct 13 23:10:27,0,Evaluare completa: 0 puncte,cpp,,1007503.cpp,,,https://www.infoarena.ro/job_detail/1007503
1003297,Platon,Platon Vlad,nim,0.42 kb,30 sep 13 11:57:17,100,Evaluare completa: 100 puncte,cpp,,1003297.cpp,,,https://www.infoarena.ro/job_detail/1003297
1003289,Platon,Platon Vlad,nim,0.42 kb,30 sep 13 11:23:53,0,Evaluare completa: 0 puncte,cpp,,1003289.cpp,,,https://www.infoarena.ro/job_detail/1003289
1003288,Platon,Platon Vlad,nim,0.42 kb,30 sep 13 11:23:13,0,Eroare de compilare: 0 puncte,cpp,,1003288.cpp,,,https://www.infoarena.ro/job_detail/1003288
996446,sebinechita,sebi nechita,nim,0.62 kb,11 sep 13 22:12:25,100,Evaluare completa: 100 puncte,cpp,,996446.cpp,,,https://www.infoarena.ro/job_detail/996446
993119,classius,Cobuz Andrei,nim,0.32 kb,3 sep 13 12:29:41,100,Evaluare completa: 100 puncte,cpp,,993119.cpp,,,https://www.infoarena.ro/job_detail/993119
993118,classius,Cobuz Andrei,nim,2.20 kb,3 sep 13 12:29:23,0,Evaluare completa: 0 puncte,cpp,,993118.cpp,,,https://www.infoarena.ro/job_detail/993118
987661,Anca_Panea,Panea Anca,nim,0.29 kb,21 aug 13 11:33:24,100,Evaluare completa: 100 puncte,cpp,,987661.cpp,,,https://www.infoarena.ro/job_detail/987661
983648,superman_01,Avramescu Cristian,nim,0.27 kb,12 aug 13 14:42:23,100,Evaluare completa: 100 puncte,cpp,,983648.cpp,,,https://www.infoarena.ro/job_detail/983648
979103,andretti,Andretti Naiden,nim,0.46 kb,31 iul 13 17:31:35,100,Evaluare completa: 100 puncte,cpp,,979103.cpp,,,https://www.infoarena.ro/job_detail/979103
977964,Daniel3717,Aleca Daniel Adrian,nim,0.49 kb,27 iul 13 12:02:12,100,Evaluare completa: 100 puncte,cpp,,977964.cpp,,,https://www.infoarena.ro/job_detail/977964
975140,manutruta,Emanuel Truta,nim,0.43 kb,19 iul 13 10:53:51,100,Evaluare completa: 100 puncte,cpp,,975140.cpp,,,https://www.infoarena.ro/job_detail/975140
975132,manutruta,Emanuel Truta,nim,0.45 kb,19 iul 13 10:40:27,0,Evaluare completa: 0 puncte,cpp,,975132.cpp,,,https://www.infoarena.ro/job_detail/975132
973380,j.loves_rock,Jessica Joanne Patrascu,nim,0.39 kb,14 iul 13 13:48:52,100,Evaluare completa: 100 puncte,cpp,,973380.cpp,,,https://www.infoarena.ro/job_detail/973380
973109,Impaler_009,Mihai Nitu,nim,0.41 kb,13 iul 13 14:44:07,100,Evaluare completa: 100 puncte,cpp,,973109.cpp,,,https://www.infoarena.ro/job_detail/973109
969262,Dddarius95,Darius-Florentin Neatu,nim,0.71 kb,3 iul 13 22:30:43,100,Evaluare completa: 100 puncte,cpp,,969262.cpp,,,https://www.infoarena.ro/job_detail/969262
969253,Dddarius95,Darius-Florentin Neatu,nim,0.40 kb,3 iul 13 22:09:39,0,Evaluare completa: 0 puncte,cpp,,969253.cpp,,,https://www.infoarena.ro/job_detail/969253
967679,drops,drop source,nim,0.48 kb,28 iun 13 11:40:13,100,Evaluare completa: 100 puncte,cpp,,967679.cpp,,,https://www.infoarena.ro/job_detail/967679
965563,RusuAlexei,Rusu Alexei,nim,0.50 kb,24 iun 13 10:39:45,100,Evaluare completa: 100 puncte,pascal,,965563.pas,,,https://www.infoarena.ro/job_detail/965563
964354,varga13,VarGaz13,nim,0.40 kb,20 iun 13 17:59:54,100,Evaluare completa: 100 puncte,cpp,,964354.cpp,,,https://www.infoarena.ro/job_detail/964354
964351,varga13,VarGaz13,nim,0.38 kb,20 iun 13 17:56:49,0,Evaluare completa: 0 puncte,cpp,,964351.cpp,,,https://www.infoarena.ro/job_detail/964351
963716,Toast97,Calin Farcas,nim,0.36 kb,18 iun 13 17:07:36,100,Evaluare completa: 100 puncte,cpp,,963716.cpp,,,https://www.infoarena.ro/job_detail/963716
961591,Stefanescu_Mihai,Stefanescu Mihai-Nicolae,nim,0.38 kb,12 iun 13 17:28:32,100,Evaluare completa: 100 puncte,cpp,,961591.cpp,,,https://www.infoarena.ro/job_detail/961591
960313,BLz0r,Dospra Cristian,nim,0.39 kb,10 iun 13 10:30:52,100,Evaluare completa: 100 puncte,cpp,,960313.cpp,,,https://www.infoarena.ro/job_detail/960313
956767,alex_Harry,Babalau Alexandru,nim,0.42 kb,3 iun 13 20:41:34,100,Evaluare completa: 100 puncte,cpp,,956767.cpp,,,https://www.infoarena.ro/job_detail/956767
955133,Andrei1998,Andrei Constantinescu,nim,0.45 kb,30 mai 13 21:53:20,100,Evaluare completa: 100 puncte,cpp,,955133.cpp,,,https://www.infoarena.ro/job_detail/955133
953762,thewildnath,Nathan Wildenberg,nim,0.41 kb,27 mai 13 11:19:27,100,Evaluare completa: 100 puncte,cpp,,953762.cpp,,,https://www.infoarena.ro/job_detail/953762
953761,thewildnath,Nathan Wildenberg,nim,0.40 kb,27 mai 13 11:18:54,0,Evaluare completa: 0 puncte,cpp,,953761.cpp,,,https://www.infoarena.ro/job_detail/953761
953760,thewildnath,Nathan Wildenberg,nim,0.39 kb,27 mai 13 11:17:59,0,Evaluare completa: 0 puncte,cpp,,953760.cpp,,,https://www.infoarena.ro/job_detail/953760
953758,caheman,Casian Patrascanu,nim,0.41 kb,27 mai 13 11:15:02,100,Evaluare completa: 100 puncte,cpp,,953758.cpp,,,https://www.infoarena.ro/job_detail/953758
953757,caheman,Casian Patrascanu,nim,0.42 kb,27 mai 13 11:13:39,0,Evaluare completa: 0 puncte,cpp,,953757.cpp,,,https://www.infoarena.ro/job_detail/953757
952648,primul,Darie Sergiu,nim,0.47 kb,23 mai 13 19:16:47,100,Evaluare completa: 100 puncte,cpp,,952648.cpp,,,https://www.infoarena.ro/job_detail/952648
951863,paunmatei7,FMI Paun Matei,nim,0.47 kb,21 mai 13 22:31:30,100,Evaluare completa: 100 puncte,cpp,,951863.cpp,,,https://www.infoarena.ro/job_detail/951863
951466,costyrazvy,Tudor Costin Razvan,nim,0.42 kb,20 mai 13 18:00:04,100,Evaluare completa: 100 puncte,cpp,,951466.cpp,,,https://www.infoarena.ro/job_detail/951466
950801,Athena99,Anghel Anca,nim,0.52 kb,17 mai 13 22:04:44,100,Evaluare completa: 100 puncte,cpp,,950801.cpp,,,https://www.infoarena.ro/job_detail/950801
950119,rzvrzv,Nicolescu Razvan,nim,0.46 kb,15 mai 13 21:23:32,100,Evaluare completa: 100 puncte,cpp,,950119.cpp,,,https://www.infoarena.ro/job_detail/950119
950118,rzvrzv,Nicolescu Razvan,nim,0.45 kb,15 mai 13 21:23:01,0,Eroare de compilare: 0 puncte,cpp,,950118.cpp,,,https://www.infoarena.ro/job_detail/950118
948569,Kira96,Denis Mita,nim,0.19 kb,11 mai 13 01:17:48,100,Evaluare completa: 100 puncte,cpp,,948569.cpp,,,https://www.infoarena.ro/job_detail/948569
948568,Kira96,Denis Mita,nim,0.16 kb,11 mai 13 01:14:11,0,Evaluare completa: 0 puncte,cpp,,948568.cpp,,,https://www.infoarena.ro/job_detail/948568
947431,tibi9876,Marin Tiberiu,nim,0.30 kb,7 mai 13 14:48:00,100,Evaluare completa: 100 puncte,cpp,,947431.cpp,,,https://www.infoarena.ro/job_detail/947431
941189,forget,How Si Yu,nim,0.31 kb,18 apr 13 08:28:08,100,Evaluare completa: 100 puncte,cpp,,941189.cpp,,,https://www.infoarena.ro/job_detail/941189
936672,oprea1si2si3,Oprea Sebastian,nim,0.43 kb,8 apr 13 11:17:03,100,Evaluare completa: 100 puncte,cpp,,936672.cpp,,,https://www.infoarena.ro/job_detail/936672
931288,narcis_vs,Gemene Narcis - Gabriel,nim,0.45 kb,28 mar 13 09:38:15,100,Evaluare completa: 100 puncte,cpp,,931288.cpp,,,https://www.infoarena.ro/job_detail/931288
931285,narcis_vs,Gemene Narcis - Gabriel,nim,0.45 kb,28 mar 13 09:37:35,100,Evaluare completa: 100 puncte,cpp,,931285.cpp,,,https://www.infoarena.ro/job_detail/931285
930548,tudy23,Coder Coder,nim,0.27 kb,27 mar 13 18:26:14,100,Evaluare completa: 100 puncte,cpp,,930548.cpp,,,https://www.infoarena.ro/job_detail/930548
930546,tudy23,Coder Coder,nim,0.27 kb,27 mar 13 18:25:25,0,Evaluare completa: 0 puncte,cpp,,930546.cpp,,,https://www.infoarena.ro/job_detail/930546
928482,AlexandruValeanu,Alexandru Valeanu,nim,0.39 kb,26 mar 13 14:27:08,100,Evaluare completa: 100 puncte,cpp,,928482.cpp,,,https://www.infoarena.ro/job_detail/928482
928473,AlexandruValeanu,Alexandru Valeanu,nim,0.40 kb,26 mar 13 14:24:15,0,Evaluare completa: 0 puncte,cpp,,928473.cpp,,,https://www.infoarena.ro/job_detail/928473
928461,AlexandruValeanu,Alexandru Valeanu,nim,0.37 kb,26 mar 13 14:20:38,100,Evaluare completa: 100 puncte,cpp,,928461.cpp,,,https://www.infoarena.ro/job_detail/928461
927287,calincoj,Calin Cojocariu,nim,0.40 kb,25 mar 13 18:28:29,100,Evaluare completa: 100 puncte,cpp,,927287.cpp,,,https://www.infoarena.ro/job_detail/927287
927283,calincoj,Calin Cojocariu,nim,0.39 kb,25 mar 13 18:27:16,0,Evaluare completa: 0 puncte,cpp,,927283.cpp,,,https://www.infoarena.ro/job_detail/927283
923691,taigi100,Cazacu Robert,nim,0.31 kb,23 mar 13 19:04:24,100,Evaluare completa: 100 puncte,cpp,,923691.cpp,,,https://www.infoarena.ro/job_detail/923691
916869,mitrutstrut,Mitrea Andrei Ionut,nim,0.43 kb,16 mar 13 22:49:16,100,Evaluare completa: 100 puncte,cpp,,916869.cpp,,,https://www.infoarena.ro/job_detail/916869
916868,mitrutstrut,Mitrea Andrei Ionut,nim,0.52 kb,16 mar 13 22:48:36,0,Evaluare completa: 0 puncte,cpp,,916868.cpp,,,https://www.infoarena.ro/job_detail/916868
915507,VladMS,Bonta vlad valentin,nim,0.44 kb,15 mar 13 08:51:02,100,Evaluare completa: 100 puncte,cpp,,915507.cpp,,,https://www.infoarena.ro/job_detail/915507
914731,ms-ninja,cristescu liviu,nim,0.50 kb,14 mar 13 13:16:19,100,Evaluare completa: 100 puncte,cpp,,914731.cpp,,,https://www.infoarena.ro/job_detail/914731
914407,fhandrei,Andrei Hareza,nim,0.42 kb,14 mar 13 08:45:28,100,Evaluare completa: 100 puncte,cpp,,914407.cpp,,,https://www.infoarena.ro/job_detail/914407
914047,TeodoraTanase,Teodora Tanase,nim,0.48 kb,13 mar 13 21:17:08,100,Evaluare completa: 100 puncte,cpp,,914047.cpp,,,https://www.infoarena.ro/job_detail/914047
913899,ucnah,Hancu Andrei,nim,0.44 kb,13 mar 13 20:38:10,100,Evaluare completa: 100 puncte,cpp,,913899.cpp,,,https://www.infoarena.ro/job_detail/913899
913771,Sm3U,Smeu Rares,nim,0.48 kb,13 mar 13 19:22:21,100,Evaluare completa: 100 puncte,cpp,,913771.cpp,,,https://www.infoarena.ro/job_detail/913771
912435,matei_c,Christescu Matei,nim,0.55 kb,12 mar 13 13:46:39,100,Evaluare completa: 100 puncte,cpp,,912435.cpp,,,https://www.infoarena.ro/job_detail/912435
908938,liana,liana tucar,nim,0.43 kb,10 mar 13 11:41:30,100,Evaluare completa: 100 puncte,cpp,,908938.cpp,,,https://www.infoarena.ro/job_detail/908938
907844,Dddarius95,Darius-Florentin Neatu,nim,0.49 kb,8 mar 13 13:26:57,100,Evaluare completa: 100 puncte,pascal,,907844.pas,,,https://www.infoarena.ro/job_detail/907844
907840,rares96cheseli,Rares Cheseli,nim,0.49 kb,8 mar 13 13:24:41,100,Evaluare completa: 100 puncte,pascal,,907840.pas,,,https://www.infoarena.ro/job_detail/907840
907839,rares96cheseli,Rares Cheseli,nim,0.49 kb,8 mar 13 13:23:52,60,Evaluare completa: 60 puncte,pascal,,907839.pas,,,https://www.infoarena.ro/job_detail/907839
907838,rares96cheseli,Rares Cheseli,nim,0.49 kb,8 mar 13 13:23:14,0,Eroare de compilare: 0 puncte,pascal,,907838.pas,,,https://www.infoarena.ro/job_detail/907838
907655,dragangabriel,Dragan Andrei Gabriel,nim,0.34 kb,8 mar 13 10:20:59,100,Evaluare completa: 100 puncte,cpp,,907655.cpp,,,https://www.infoarena.ro/job_detail/907655
905476,PregatireONI,Anamaria Cotirlea,nim,0.47 kb,5 mar 13 21:10:49,100,Evaluare completa: 100 puncte,cpp,,905476.cpp,,,https://www.infoarena.ro/job_detail/905476
905470,PregatireONI,Anamaria Cotirlea,nim,0.45 kb,5 mar 13 21:08:53,0,Evaluare completa: 0 puncte,cpp,,905470.cpp,,,https://www.infoarena.ro/job_detail/905470
900301,rares96cheseli,Rares Cheseli,nim,0.42 kb,28 feb 13 18:58:46,100,Evaluare completa: 100 puncte,cpp,,900301.cpp,,,https://www.infoarena.ro/job_detail/900301
900277,rares96cheseli,Rares Cheseli,nim,0.43 kb,28 feb 13 18:51:24,100,Evaluare completa: 100 puncte,cpp,,900277.cpp,,,https://www.infoarena.ro/job_detail/900277
900255,rares96cheseli,Rares Cheseli,nim,0.43 kb,28 feb 13 18:35:36,0,Evaluare completa: 0 puncte,cpp,,900255.cpp,,,https://www.infoarena.ro/job_detail/900255
900246,rares96cheseli,Rares Cheseli,nim,0.45 kb,28 feb 13 18:29:35,0,Evaluare completa: 0 puncte,cpp,,900246.cpp,,,https://www.infoarena.ro/job_detail/900246
900222,rares96cheseli,Rares Cheseli,nim,0.41 kb,28 feb 13 18:20:47,0,Evaluare completa: 0 puncte,cpp,,900222.cpp,,,https://www.infoarena.ro/job_detail/900222
900210,rares96cheseli,Rares Cheseli,nim,0.41 kb,28 feb 13 18:16:13,0,Evaluare completa: 0 puncte,cpp,,900210.cpp,,,https://www.infoarena.ro/job_detail/900210
900204,rares96cheseli,Rares Cheseli,nim,0.41 kb,28 feb 13 18:14:04,0,Evaluare completa: 0 puncte,cpp,,900204.cpp,,,https://www.infoarena.ro/job_detail/900204
900008,rares96cheseli,Rares Cheseli,nim,0.40 kb,28 feb 13 17:18:05,70,Evaluare completa: 70 puncte,pascal,,900008.pas,,,https://www.infoarena.ro/job_detail/900008
899999,rares96cheseli,Rares Cheseli,nim,0.45 kb,28 feb 13 17:16:24,70,Evaluare completa: 70 puncte,pascal,,899999.pas,,,https://www.infoarena.ro/job_detail/899999
899987,rares96cheseli,Rares Cheseli,nim,0.48 kb,28 feb 13 17:12:50,0,Evaluare completa: 0 puncte,pascal,,899987.pas,,,https://www.infoarena.ro/job_detail/899987
899658,The_Disturbed,Bungiu Alexandru,nim,0.40 kb,28 feb 13 15:34:26,100,Evaluare completa: 100 puncte,cpp,,899658.cpp,,,https://www.infoarena.ro/job_detail/899658
895113,stef1995m,marcu stefan ovidiu,nim,0.47 kb,27 feb 13 10:00:29,100,Evaluare completa: 100 puncte,cpp,,895113.cpp,,,https://www.infoarena.ro/job_detail/895113
895112,stef1995m,marcu stefan ovidiu,nim,0.47 kb,27 feb 13 09:59:43,0,Evaluare completa: 0 puncte,cpp,,895112.cpp,,,https://www.infoarena.ro/job_detail/895112
894597,toranagah,Vlad Badelita,nim,0.42 kb,26 feb 13 22:15:08,100,Evaluare completa: 100 puncte,cpp,,894597.cpp,,,https://www.infoarena.ro/job_detail/894597
894593,toranagah,Vlad Badelita,nim,0.41 kb,26 feb 13 22:14:07,0,Evaluare completa: 0 puncte,cpp,,894593.cpp,,,https://www.infoarena.ro/job_detail/894593
894086,XeBlue,Podaru Mihai,nim,0.35 kb,26 feb 13 19:37:32,100,Evaluare completa: 100 puncte,cpp,,894086.cpp,,,https://www.infoarena.ro/job_detail/894086
893794,hristescu,Hristescu Mihai Daniel,nim,0.45 kb,26 feb 13 17:55:52,100,Evaluare completa: 100 puncte,cpp,,893794.cpp,,,https://www.infoarena.ro/job_detail/893794
879399,OviTzu24,Carabian Ovidiu,nim,0.30 kb,15 feb 13 12:56:08,100,Evaluare completa: 100 puncte,cpp,,879399.cpp,,,https://www.infoarena.ro/job_detail/879399
879186,howsiwei,How Si Wei,nim,0.38 kb,15 feb 13 06:42:55,100,Evaluare completa: 100 puncte,cpp,,879186.cpp,,,https://www.infoarena.ro/job_detail/879186
877996,Anca_Panea,Panea Anca,nim,0.30 kb,13 feb 13 18:01:20,100,Evaluare completa: 100 puncte,cpp,,877996.cpp,,,https://www.infoarena.ro/job_detail/877996
874542,Opportunity,Vlad Negura,nim,0.29 kb,8 feb 13 19:04:31,100,Evaluare completa: 100 puncte,cpp,,874542.cpp,,,https://www.infoarena.ro/job_detail/874542
873237,sana1987,Laurentiu Dascalu,nim,9.97 kb,6 feb 13 23:19:51,100,Evaluare completa: 100 puncte,c,,873237.c,,,https://www.infoarena.ro/job_detail/873237
872299,mihai27,Mihai Popescu,nim,0.36 kb,5 feb 13 22:31:23,100,Evaluare completa: 100 puncte,cpp,,872299.cpp,,,https://www.infoarena.ro/job_detail/872299
862449,SebiSebi,Pirtoaca George Sebastian,nim,0.33 kb,22 ian 13 18:24:31,100,Evaluare completa: 100 puncte,cpp,,862449.cpp,,,https://www.infoarena.ro/job_detail/862449
852948,Luncasu_Victor,Victor Luncasu,nim,0.89 kb,11 ian 13 22:16:44,100,Evaluare completa: 100 puncte,cpp,,852948.cpp,,,https://www.infoarena.ro/job_detail/852948
849718,alex_unix,Petenchea Alexandru,nim,0.39 kb,7 ian 13 15:41:36,100,Evaluare completa: 100 puncte,cpp,,849718.cpp,,,https://www.infoarena.ro/job_detail/849718
847671,andrei.finaru,Finaru Andrei Emanuel,nim,0.41 kb,4 ian 13 12:51:06,100,Evaluare completa: 100 puncte,cpp,,847671.cpp,,,https://www.infoarena.ro/job_detail/847671
847668,andrei.finaru,Finaru Andrei Emanuel,nim,0.41 kb,4 ian 13 12:50:29,0,Eroare de compilare: 0 puncte,cpp,,847668.cpp,,,https://www.infoarena.ro/job_detail/847668
846815,test_13,testing,nim,0.54 kb,2 ian 13 20:08:48,100,Evaluare completa: 100 puncte,cpp,,846815.cpp,,,https://www.infoarena.ro/job_detail/846815
846814,test_13,testing,nim,0.54 kb,2 ian 13 20:08:24,0,Evaluare completa: 0 puncte,cpp,,846814.cpp,,,https://www.infoarena.ro/job_detail/846814
846813,test_13,testing,nim,0.54 kb,2 ian 13 20:05:58,0,Evaluare completa: 0 puncte,cpp,,846813.cpp,,,https://www.infoarena.ro/job_detail/846813
846261,enedumitru,ene dumitru,nim,0.28 kb,1 ian 13 19:36:40,100,Evaluare completa: 100 puncte,cpp,,846261.cpp,,,https://www.infoarena.ro/job_detail/846261
846260,enedumitru,ene dumitru,nim,0.28 kb,1 ian 13 19:35:55,100,Evaluare completa: 100 puncte,cpp,,846260.cpp,,,https://www.infoarena.ro/job_detail/846260
844435,andreea29,Iorga Andreea,nim,1.05 kb,29 dec 12 12:31:10,100,Evaluare completa: 100 puncte,cpp,,844435.cpp,,,https://www.infoarena.ro/job_detail/844435
840519,Al3ks1002,Alex Cociorva,nim,0.40 kb,22 dec 12 20:36:23,100,Evaluare completa: 100 puncte,cpp,,840519.cpp,,,https://www.infoarena.ro/job_detail/840519
837451,Barracuda,FMI-Alex Dobrin,nim,0.36 kb,17 dec 12 23:59:06,100,Evaluare completa: 100 puncte,cpp,,837451.cpp,,,https://www.infoarena.ro/job_detail/837451
837142,AndreiRS,Statescu Andrei Rares,nim,0.39 kb,17 dec 12 15:53:45,100,Evaluare completa: 100 puncte,cpp,,837142.cpp,,,https://www.infoarena.ro/job_detail/837142
837089,roots4,Irimia Alexandru Gabriel,nim,0.28 kb,17 dec 12 12:20:56,100,Evaluare completa: 100 puncte,cpp,,837089.cpp,,,https://www.infoarena.ro/job_detail/837089
834128,sleepaholic,Neculaescu Theodor,nim,0.39 kb,13 dec 12 19:40:08,100,Evaluare completa: 100 puncte,cpp,,834128.cpp,,,https://www.infoarena.ro/job_detail/834128
832961,valentina506,Moraru Valentina,nim,0.29 kb,11 dec 12 18:55:05,100,Evaluare completa: 100 puncte,cpp,,832961.cpp,,,https://www.infoarena.ro/job_detail/832961
832426,marin,Mari n,nim,0.28 kb,10 dec 12 16:33:53,100,Evaluare completa: 100 puncte,cpp,,832426.cpp,,,https://www.infoarena.ro/job_detail/832426
831213,UMihnea,Ungureanu Mihnea,nim,0.39 kb,8 dec 12 11:49:48,100,Evaluare completa: 100 puncte,cpp,,831213.cpp,,,https://www.infoarena.ro/job_detail/831213
822253,ahmed.abdrabo,ahmed.abdrabo,nim,0.30 kb,23 nov 12 01:50:42,100,Evaluare completa: 100 puncte,cpp,,822253.cpp,,,https://www.infoarena.ro/job_detail/822253
819351,dariusdarius,Marian Darius,nim,0.44 kb,18 nov 12 20:39:17,100,Evaluare completa: 100 puncte,cpp,,819351.cpp,,,https://www.infoarena.ro/job_detail/819351
805387,andreionea,Andrei Onea,nim,0.24 kb,31 oct 12 12:49:52,100,Evaluare completa: 100 puncte,cpp,,805387.cpp,,,https://www.infoarena.ro/job_detail/805387
805381,andreionea,Andrei Onea,nim,0.38 kb,31 oct 12 12:37:20,100,Evaluare completa: 100 puncte,cpp,,805381.cpp,,,https://www.infoarena.ro/job_detail/805381
800989,romircea2010,FMI Trifan Mircea Mihai,nim,0.47 kb,23 oct 12 00:07:58,100,Evaluare completa: 100 puncte,cpp,,800989.cpp,,,https://www.infoarena.ro/job_detail/800989
798641,raulstoin,Stoin Raul,nim,0.45 kb,16 oct 12 20:46:24,100,Evaluare completa: 100 puncte,cpp,,798641.cpp,,,https://www.infoarena.ro/job_detail/798641
797447,radustn92,Radu Stancu,nim,0.30 kb,14 oct 12 01:52:18,100,Evaluare completa: 100 puncte,cpp,,797447.cpp,,,https://www.infoarena.ro/job_detail/797447
794751,Cristy94,Buleandra Cristian,nim,0.35 kb,6 oct 12 22:41:52,100,Evaluare completa: 100 puncte,cpp,,794751.cpp,,,https://www.infoarena.ro/job_detail/794751
792700,Nexflame,George Pultea,nim,0.43 kb,29 sep 12 10:35:55,100,Evaluare completa: 100 puncte,cpp,,792700.cpp,,,https://www.infoarena.ro/job_detail/792700
792643,preg_concurs,Pregatire Concurs,nim,0.35 kb,28 sep 12 16:33:06,100,Evaluare completa: 100 puncte,cpp,,792643.cpp,,,https://www.infoarena.ro/job_detail/792643
791342,lucian666,Vasilut Lucian,nim,0.46 kb,23 sep 12 20:47:37,100,Evaluare completa: 100 puncte,cpp,,791342.cpp,,,https://www.infoarena.ro/job_detail/791342
788720,round2,Test P,nim,0.42 kb,15 sep 12 18:00:13,100,Evaluare completa: 100 puncte,cpp,,788720.cpp,,,https://www.infoarena.ro/job_detail/788720
787541,stefanzzz,Stefan Popa,nim,0.37 kb,13 sep 12 17:00:46,100,Evaluare completa: 100 puncte,cpp,,787541.cpp,,,https://www.infoarena.ro/job_detail/787541
787038,cbanu96,Banu Cristian,nim,0.37 kb,12 sep 12 15:32:55,100,Evaluare completa: 100 puncte,cpp,,787038.cpp,,,https://www.infoarena.ro/job_detail/787038
784260,adascalu,Alexandru Dascalu,nim,0.29 kb,5 sep 12 13:42:33,100,Evaluare completa: 100 puncte,cpp,,784260.cpp,,,https://www.infoarena.ro/job_detail/784260
782917,blasterz,Mircea Dima,nim,0.39 kb,30 aug 12 19:13:13,100,Evaluare completa: 100 puncte,cpp,,782917.cpp,,,https://www.infoarena.ro/job_detail/782917
781721,andrei_toader,Toader Andrei Sorin,nim,0.52 kb,24 aug 12 22:42:16,100,Evaluare completa: 100 puncte,pascal,,781721.pas,,,https://www.infoarena.ro/job_detail/781721
781720,andrei_toader,Toader Andrei Sorin,nim,0.52 kb,24 aug 12 22:41:50,80,Evaluare completa: 80 puncte,pascal,,781720.pas,,,https://www.infoarena.ro/job_detail/781720
781717,andrei_toader,Toader Andrei Sorin,nim,0.43 kb,24 aug 12 22:40:01,70,Evaluare completa: 70 puncte,pascal,,781717.pas,,,https://www.infoarena.ro/job_detail/781717
781654,Mihai22e,Mihai Ionut Enache,nim,0.43 kb,24 aug 12 19:52:54,100,Evaluare completa: 100 puncte,cpp,,781654.cpp,,,https://www.infoarena.ro/job_detail/781654
778934,danalex97,Dan H Alexandru,nim,0.48 kb,16 aug 12 11:58:02,100,Evaluare completa: 100 puncte,cpp,,778934.cpp,,,https://www.infoarena.ro/job_detail/778934
778931,danalex97,Dan H Alexandru,nim,0.48 kb,16 aug 12 11:56:17,0,Evaluare completa: 0 puncte,cpp,,778931.cpp,,,https://www.infoarena.ro/job_detail/778931
778179,Cosmin1490,Balan Radu Cosmin,nim,0.78 kb,14 aug 12 05:28:22,100,Evaluare completa: 100 puncte,cpp,,778179.cpp,,,https://www.infoarena.ro/job_detail/778179
778178,Cosmin1490,Balan Radu Cosmin,nim,0.78 kb,14 aug 12 05:27:50,100,Evaluare completa: 100 puncte,cpp,,778178.cpp,,,https://www.infoarena.ro/job_detail/778178
777508,nrpc,Ciprian Stirbu,nim,0.33 kb,12 aug 12 15:43:43,100,Evaluare completa: 100 puncte,cpp,,777508.cpp,,,https://www.infoarena.ro/job_detail/777508
776689,svlad,Scurtu Vlad,nim,0.31 kb,10 aug 12 11:20:22,100,Evaluare completa: 100 puncte,cpp,,776689.cpp,,,https://www.infoarena.ro/job_detail/776689
774991,igsi,fvevc avb,nim,0.47 kb,6 aug 12 23:05:42,100,Evaluare completa: 100 puncte,c,,774991.c,,,https://www.infoarena.ro/job_detail/774991
774484,luckyme91,wiz kid,nim,0.42 kb,5 aug 12 01:41:28,100,Evaluare completa: 100 puncte,cpp,,774484.cpp,,,https://www.infoarena.ro/job_detail/774484
772813,dspMihai,Despotovici Mihai,nim,0.46 kb,30 iul 12 23:33:22,100,Evaluare completa: 100 puncte,cpp,,772813.cpp,,,https://www.infoarena.ro/job_detail/772813
771295,ionut_blesneag,Ionut Blesneag,nim,0.27 kb,25 iul 12 15:24:58,100,Evaluare completa: 100 puncte,cpp,,771295.cpp,,,https://www.infoarena.ro/job_detail/771295
771212,mi5hu,mihai draghici,nim,0.56 kb,25 iul 12 11:16:13,100,Evaluare completa: 100 puncte,cpp,,771212.cpp,,,https://www.infoarena.ro/job_detail/771212
767505,misino,zzz zzz,nim,0.25 kb,13 iul 12 18:13:08,100,Evaluare completa: 100 puncte,cpp,,767505.cpp,,,https://www.infoarena.ro/job_detail/767505
765532,Blaugranas,Enal Gemaledin,nim,0.26 kb,8 iul 12 00:26:23,100,Evaluare completa: 100 puncte,cpp,,765532.cpp,,,https://www.infoarena.ro/job_detail/765532
760883,Theory,theo .c,nim,0.50 kb,23 iun 12 13:32:26,100,Evaluare completa: 100 puncte,cpp,,760883.cpp,,,https://www.infoarena.ro/job_detail/760883
760881,Theory,theo .c,nim,0.48 kb,23 iun 12 13:31:46,0,Evaluare completa: 0 puncte,cpp,,760881.cpp,,,https://www.infoarena.ro/job_detail/760881
759596,test13,test13,nim,0.37 kb,18 iun 12 18:43:07,100,Evaluare completa: 100 puncte,cpp,,759596.cpp,,,https://www.infoarena.ro/job_detail/759596
758436,M@2Te4i,Matei Misarca,nim,0.52 kb,15 iun 12 17:37:38,100,Evaluare completa: 100 puncte,c,,758436.c,,,https://www.infoarena.ro/job_detail/758436
757900,VictorP,Victor Padureanu,nim,0.32 kb,13 iun 12 18:25:40,100,Evaluare completa: 100 puncte,cpp,,757900.cpp,,,https://www.infoarena.ro/job_detail/757900
757899,VictorP,Victor Padureanu,nim,0.31 kb,13 iun 12 18:22:58,0,Evaluare completa: 0 puncte,cpp,,757899.cpp,,,https://www.infoarena.ro/job_detail/757899
756099,Xladhenian,Grigorita Vlad-Stefan,nim,0.44 kb,9 iun 12 00:14:49,100,Evaluare completa: 100 puncte,cpp,,756099.cpp,,,https://www.infoarena.ro/job_detail/756099
744779,test0,Victor,nim,0.33 kb,9 mai 12 17:29:49,100,Evaluare completa: 100 puncte,cpp,,744779.cpp,,,https://www.infoarena.ro/job_detail/744779
743869,RobertB,Badea Corneliu Robert,nim,0.31 kb,6 mai 12 16:55:54,100,Evaluare completa: 100 puncte,cpp,,743869.cpp,,,https://www.infoarena.ro/job_detail/743869
743868,RobertB,Badea Corneliu Robert,nim,0.32 kb,6 mai 12 16:55:23,0,Evaluare completa: 0 puncte,cpp,,743868.cpp,,,https://www.infoarena.ro/job_detail/743868
743866,RobertB,Badea Corneliu Robert,nim,0.30 kb,6 mai 12 16:53:37,0,Evaluare completa: 0 puncte,cpp,,743866.cpp,,,https://www.infoarena.ro/job_detail/743866
743865,RobertB,Badea Corneliu Robert,nim,0.29 kb,6 mai 12 16:52:48,0,Evaluare completa: 0 puncte,cpp,,743865.cpp,,,https://www.infoarena.ro/job_detail/743865
741007,repp4radu,Radu-Andrei Szasz,nim,0.33 kb,25 apr 12 09:29:08,100,Evaluare completa: 100 puncte,cpp,,741007.cpp,,,https://www.infoarena.ro/job_detail/741007
740205,iuli1505,Parasca Iuliana,nim,0.41 kb,24 apr 12 19:20:59,100,Evaluare completa: 100 puncte,cpp,,740205.cpp,,,https://www.infoarena.ro/job_detail/740205
740004,harababurel,Puscas Sergiu,nim,0.35 kb,24 apr 12 14:36:18,100,Evaluare completa: 100 puncte,cpp,,740004.cpp,,,https://www.infoarena.ro/job_detail/740004
739949,visanr,Visan Radu,nim,0.54 kb,24 apr 12 10:23:31,100,Evaluare completa: 100 puncte,cpp,,739949.cpp,,,https://www.infoarena.ro/job_detail/739949
739562,RobertS,Samoilescu Robert,nim,0.43 kb,23 apr 12 14:37:30,100,Evaluare completa: 100 puncte,cpp,,739562.cpp,,,https://www.infoarena.ro/job_detail/739562
737665,alexalbu95,Albu Alexandru,nim,0.34 kb,19 apr 12 23:14:39,100,Evaluare completa: 100 puncte,cpp,,737665.cpp,,,https://www.infoarena.ro/job_detail/737665
736323,Andrei.Xwe,Cobzaru Adrian-Andrei,nim,0.31 kb,18 apr 12 13:59:06,100,Evaluare completa: 100 puncte,cpp,,736323.cpp,,,https://www.infoarena.ro/job_detail/736323
729820,lily3,Moldovan Liliana,nim,0.29 kb,30 mar 12 11:41:30,100,Evaluare completa: 100 puncte,cpp,,729820.cpp,,,https://www.infoarena.ro/job_detail/729820
728697,butler1234,Cioc Stefan,nim,0.25 kb,28 mar 12 21:38:51,100,Evaluare completa: 100 puncte,cpp,,728697.cpp,,,https://www.infoarena.ro/job_detail/728697
726696,dicu_daria,Daria Dicu,nim,0.25 kb,27 mar 12 13:50:29,100,Evaluare completa: 100 puncte,cpp,,726696.cpp,,,https://www.infoarena.ro/job_detail/726696
726692,dicu_daria,Daria Dicu,nim,0.24 kb,27 mar 12 13:49:17,0,Evaluare completa: 0 puncte,cpp,,726692.cpp,,,https://www.infoarena.ro/job_detail/726692
726299,netedu_andrei,FII Andrei Netedu,nim,0.33 kb,27 mar 12 09:58:37,100,Evaluare completa: 100 puncte,cpp,,726299.cpp,,,https://www.infoarena.ro/job_detail/726299
726065,mytzusky,Mihai Morcov,nim,0.42 kb,26 mar 12 23:41:24,100,Evaluare completa: 100 puncte,cpp,,726065.cpp,,,https://www.infoarena.ro/job_detail/726065
724566,mihaipopa12,Popa Mihai,nim,0.42 kb,26 mar 12 17:38:08,100,Evaluare completa: 100 puncte,cpp,,724566.cpp,,,https://www.infoarena.ro/job_detail/724566
723878,Andupk,Ionescu  Alexandru,nim,0.32 kb,25 mar 12 23:42:17,100,Evaluare completa: 100 puncte,cpp,,723878.cpp,,,https://www.infoarena.ro/job_detail/723878
723876,Andupk,Ionescu  Alexandru,nim,0.35 kb,25 mar 12 23:39:04,0,Evaluare completa: 0 puncte,cpp,,723876.cpp,,,https://www.infoarena.ro/job_detail/723876
723867,Andupk,Ionescu  Alexandru,nim,0.34 kb,25 mar 12 23:30:12,0,Evaluare completa: 0 puncte,cpp,,723867.cpp,,,https://www.infoarena.ro/job_detail/723867
723863,Andupk,Ionescu  Alexandru,nim,0.34 kb,25 mar 12 23:26:03,0,Evaluare completa: 0 puncte,cpp,,723863.cpp,,,https://www.infoarena.ro/job_detail/723863
723789,Barracuda,FMI-Alex Dobrin,nim,0.36 kb,25 mar 12 20:41:04,100,Evaluare completa: 100 puncte,cpp,,723789.cpp,,,https://www.infoarena.ro/job_detail/723789
723213,ioalexno1,Alexandru Bunget,nim,0.41 kb,25 mar 12 02:16:21,100,Evaluare completa: 100 puncte,cpp,,723213.cpp,,,https://www.infoarena.ro/job_detail/723213
723212,ioalexno1,Alexandru Bunget,nim,0.41 kb,25 mar 12 02:16:03,0,Eroare de compilare: 0 puncte,cpp,,723212.cpp,,,https://www.infoarena.ro/job_detail/723212
723139,ionutz32,Ilie Ionut,nim,0.46 kb,24 mar 12 22:57:29,100,Evaluare completa: 100 puncte,pascal,,723139.pas,,,https://www.infoarena.ro/job_detail/723139
723136,ionutz32,Ilie Ionut,nim,0.37 kb,24 mar 12 22:56:22,90,Evaluare completa: 90 puncte,pascal,,723136.pas,,,https://www.infoarena.ro/job_detail/723136
721366,zloteanu.adrian,zloteanu adrian nichita,nim,0.37 kb,23 mar 12 17:34:46,100,Evaluare completa: 100 puncte,cpp,,721366.cpp,,,https://www.infoarena.ro/job_detail/721366
717286,Sm3U,Smeu Rares,nim,0.49 kb,19 mar 12 19:58:42,100,Evaluare completa: 100 puncte,cpp,,717286.cpp,,,https://www.infoarena.ro/job_detail/717286
717284,Sm3U,Smeu Rares,nim,0.48 kb,19 mar 12 19:55:14,0,Evaluare completa: 0 puncte,cpp,,717284.cpp,,,https://www.infoarena.ro/job_detail/717284
715709,Duxar,FII-Stefan-Negrus,nim,0.63 kb,17 mar 12 17:13:34,100,Evaluare completa: 100 puncte,cpp,,715709.cpp,,,https://www.infoarena.ro/job_detail/715709
710748,alexalghisi,Alghisi Alessandro meitatiidirect.ro,nim,0.35 kb,10 mar 12 18:00:04,100,Evaluare completa: 100 puncte,cpp,,710748.cpp,,,https://www.infoarena.ro/job_detail/710748
709822,oprea1si2si3,Oprea Sebastian,nim,0.34 kb,8 mar 12 17:03:02,100,Evaluare completa: 100 puncte,cpp,,709822.cpp,,,https://www.infoarena.ro/job_detail/709822
708885,Buzu_Tudor_Ro,Cont vechi,nim,0.61 kb,7 mar 12 14:51:37,100,Evaluare completa: 100 puncte,pascal,,708885.pas,,,https://www.infoarena.ro/job_detail/708885
705453,tudgal1001,Profir Tudor,nim,0.42 kb,4 mar 12 13:06:17,100,Evaluare completa: 100 puncte,cpp,,705453.cpp,,,https://www.infoarena.ro/job_detail/705453
705449,tudgal1001,Profir Tudor,nim,0.42 kb,4 mar 12 13:03:53,0,Evaluare completa: 0 puncte,cpp,,705449.cpp,,,https://www.infoarena.ro/job_detail/705449
702944,Sergiu15,Olive O,nim,0.28 kb,2 mar 12 10:11:43,100,Evaluare completa: 100 puncte,cpp,,702944.cpp,,,https://www.infoarena.ro/job_detail/702944
702608,Sergiu15,Olive O,nim,0.28 kb,2 mar 12 00:15:28,0,Eroare de compilare: 0 puncte,cpp,,702608.cpp,,,https://www.infoarena.ro/job_detail/702608
701326,horeste12,Stoianovici Horatiu Andrei,nim,0.38 kb,1 mar 12 15:14:22,100,Evaluare completa: 100 puncte,cpp,,701326.cpp,,,https://www.infoarena.ro/job_detail/701326
701324,horeste12,Stoianovici Horatiu Andrei,nim,0.38 kb,1 mar 12 15:13:47,0,Evaluare completa: 0 puncte,cpp,,701324.cpp,,,https://www.infoarena.ro/job_detail/701324
696856,Catah15,Catalin Haidau,nim,0.42 kb,28 feb 12 20:31:22,100,Evaluare completa: 100 puncte,cpp,,696856.cpp,,,https://www.infoarena.ro/job_detail/696856
696146,deneo,Adrian Craciun,nim,0.45 kb,28 feb 12 17:08:49,100,Evaluare completa: 100 puncte,cpp,,696146.cpp,,,https://www.infoarena.ro/job_detail/696146
696145,deneo,Adrian Craciun,nim,0.44 kb,28 feb 12 17:07:57,0,Evaluare completa: 0 puncte,cpp,,696145.cpp,,,https://www.infoarena.ro/job_detail/696145
693495,Marius96,Marius Gavrilescu,nim,0.27 kb,27 feb 12 13:02:02,100,Evaluare completa: 100 puncte,cpp,,693495.cpp,,,https://www.infoarena.ro/job_detail/693495
690349,andreifirst,Cioara Andrei Ioan,nim,0.34 kb,25 feb 12 15:51:30,100,Evaluare completa: 100 puncte,pascal,,690349.pas,,,https://www.infoarena.ro/job_detail/690349
687201,borsoszalan,Borsos Zalan,nim,0.30 kb,22 feb 12 10:34:35,100,Evaluare completa: 100 puncte,cpp,,687201.cpp,,,https://www.infoarena.ro/job_detail/687201
673909,ms-ninja,cristescu liviu,nim,0.40 kb,5 feb 12 10:34:03,100,Evaluare completa: 100 puncte,cpp,,673909.cpp,,,https://www.infoarena.ro/job_detail/673909
670074,Stefex09,Stefan Teodorescu,nim,0.30 kb,28 ian 12 12:07:30,100,Evaluare completa: 100 puncte,cpp,,670074.cpp,,,https://www.infoarena.ro/job_detail/670074
663972,Challenge,Murtaza Alexandru,nim,0.44 kb,19 ian 12 13:09:33,100,Evaluare completa: 100 puncte,cpp,,663972.cpp,,,https://www.infoarena.ro/job_detail/663972
663838,informatician28,Andrei Dinu,nim,0.37 kb,18 ian 12 23:44:52,100,Evaluare completa: 100 puncte,cpp,,663838.cpp,,,https://www.infoarena.ro/job_detail/663838
662331,timeiutza,Timea Balan,nim,0.29 kb,16 ian 12 15:41:53,0,Evaluare completa: 0 puncte,cpp,,662331.cpp,,,https://www.infoarena.ro/job_detail/662331
662239,Lukk24,Veltanescu Lucian,nim,0.27 kb,16 ian 12 10:46:37,100,Evaluare completa: 100 puncte,cpp,,662239.cpp,,,https://www.infoarena.ro/job_detail/662239
661670,batista,UPB-Oprea-Cosmin-Dumitru,nim,0.26 kb,14 ian 12 21:11:33,100,Evaluare completa: 100 puncte,cpp,,661670.cpp,,,https://www.infoarena.ro/job_detail/661670
661417,roots,roots1,nim,0.43 kb,14 ian 12 14:25:18,100,Evaluare completa: 100 puncte,cpp,,661417.cpp,,,https://www.infoarena.ro/job_detail/661417
660766,maritim,Cristian Lambru,nim,0.33 kb,13 ian 12 12:54:17,100,Evaluare completa: 100 puncte,cpp,,660766.cpp,,,https://www.infoarena.ro/job_detail/660766
660322,unsilviu,Contvechidontdeactivatepls,nim,0.31 kb,12 ian 12 11:18:18,100,Evaluare completa: 100 puncte,cpp,,660322.cpp,,,https://www.infoarena.ro/job_detail/660322
659399,yamaha,FMI Maria Stoica,nim,0.38 kb,10 ian 12 16:51:31,100,Evaluare completa: 100 puncte,cpp,,659399.cpp,,,https://www.infoarena.ro/job_detail/659399
659396,yamaha,FMI Maria Stoica,nim,0.36 kb,10 ian 12 16:49:26,0,Evaluare completa: 0 puncte,cpp,,659396.cpp,,,https://www.infoarena.ro/job_detail/659396
658452,jean,FMI - Petcu Ion Cristian,nim,0.32 kb,8 ian 12 21:07:22,100,Evaluare completa: 100 puncte,cpp,,658452.cpp,,,https://www.infoarena.ro/job_detail/658452
656990,ion824,Ion Ureche,nim,0.37 kb,5 ian 12 16:55:12,100,Evaluare completa: 100 puncte,cpp,,656990.cpp,,,https://www.infoarena.ro/job_detail/656990
656547,giuliastef,Giulia Stef,nim,0.32 kb,4 ian 12 19:40:07,100,Evaluare completa: 100 puncte,cpp,,656547.cpp,,,https://www.infoarena.ro/job_detail/656547
655364,titel,titel popescu,nim,0.24 kb,2 ian 12 13:24:14,100,Evaluare completa: 100 puncte,cpp,,655364.cpp,,,https://www.infoarena.ro/job_detail/655364
652630,slycer,dan dragomir,nim,0.64 kb,25 dec 11 16:17:56,100,Evaluare completa: 100 puncte,cpp,,652630.cpp,,,https://www.infoarena.ro/job_detail/652630
650441,the_snyper06,FMI - ALexandru Mihai,nim,0.32 kb,18 dec 11 01:11:12,100,Evaluare completa: 100 puncte,cpp,,650441.cpp,,,https://www.infoarena.ro/job_detail/650441
647880,siminescu,Paval Cristi Onisim,nim,0.25 kb,12 dec 11 10:28:26,100,Evaluare completa: 100 puncte,cpp,,647880.cpp,,,https://www.infoarena.ro/job_detail/647880
647701,tzipleatud,Tudor Tiplea,nim,0.38 kb,11 dec 11 20:41:39,100,Evaluare completa: 100 puncte,cpp,,647701.cpp,,,https://www.infoarena.ro/job_detail/647701
647609,mlupse,Lupse-Turpan Mircea,nim,0.46 kb,11 dec 11 17:26:31,100,Evaluare completa: 100 puncte,cpp,,647609.cpp,,,https://www.infoarena.ro/job_detail/647609
642467,zalman,Danci Emanuel Sebastian,nim,0.32 kb,1 dec 11 14:18:44,100,Evaluare completa: 100 puncte,cpp,,642467.cpp,,,https://www.infoarena.ro/job_detail/642467
642464,zalman,Danci Emanuel Sebastian,nim,0.35 kb,1 dec 11 14:08:53,100,Evaluare completa: 100 puncte,cpp,,642464.cpp,,,https://www.infoarena.ro/job_detail/642464
640882,alex_mircescu,Alex Mircescu,nim,0.36 kb,26 nov 11 18:15:51,100,Evaluare completa: 100 puncte,cpp,,640882.cpp,,,https://www.infoarena.ro/job_detail/640882
640876,Stexan,Iarca Stefan,nim,0.27 kb,26 nov 11 17:40:22,100,Evaluare completa: 100 puncte,cpp,,640876.cpp,,,https://www.infoarena.ro/job_detail/640876
640335,cristiavra,Avramescu Cristia,nim,0.28 kb,25 nov 11 11:36:13,100,Evaluare completa: 100 puncte,cpp,,640335.cpp,,,https://www.infoarena.ro/job_detail/640335
634534,nando,Licker Nandor,nim,0.37 kb,16 nov 11 17:18:19,100,Evaluare completa: 100 puncte,cpp,,634534.cpp,,,https://www.infoarena.ro/job_detail/634534
631657,Grimpow,Radu Andrei,nim,0.33 kb,9 nov 11 13:45:14,100,Evaluare completa: 100 puncte,cpp,,631657.cpp,,,https://www.infoarena.ro/job_detail/631657
631266,okros_alexandru,Okros Alexandru,nim,0.31 kb,7 nov 11 17:03:22,100,Evaluare completa: 100 puncte,cpp,,631266.cpp,,,https://www.infoarena.ro/job_detail/631266
631107,floringh06,Florin Ghesu,nim,0.46 kb,6 nov 11 23:50:54,100,Evaluare completa: 100 puncte,cpp,,631107.cpp,,,https://www.infoarena.ro/job_detail/631107
629785,Anamaria20,Cotirlea Anamaria,nim,0.36 kb,3 nov 11 23:17:32,100,Evaluare completa: 100 puncte,cpp,,629785.cpp,,,https://www.infoarena.ro/job_detail/629785
629692,CBogdan,Ciobanu Bogdan,nim,0.43 kb,3 nov 11 19:45:49,100,Evaluare completa: 100 puncte,cpp,,629692.cpp,,,https://www.infoarena.ro/job_detail/629692
628812,sunt_emo,Sunt emo,nim,0.45 kb,2 nov 11 10:34:48,100,Evaluare completa: 100 puncte,c,,628812.c,,,https://www.infoarena.ro/job_detail/628812
626311,taloibogdan,Taloi Bogdan Cristian,nim,0.31 kb,26 oct 11 20:10:58,100,Evaluare completa: 100 puncte,cpp,,626311.cpp,,,https://www.infoarena.ro/job_detail/626311
625614,florin_marius90,Florin Marius Popescu,nim,0.43 kb,25 oct 11 06:05:41,100,Evaluare completa: 100 puncte,c,,625614.c,,,https://www.infoarena.ro/job_detail/625614
624883,ELHoria,Horia Cretescu,nim,0.30 kb,22 oct 11 23:53:08,100,Evaluare completa: 100 puncte,cpp,,624883.cpp,,,https://www.infoarena.ro/job_detail/624883
623928,sebii_c,Sebastian Claici,nim,0.40 kb,21 oct 11 00:19:13,100,Evaluare completa: 100 puncte,c,,623928.c,,,https://www.infoarena.ro/job_detail/623928
623923,otilia_s,Otilia Stretcu,nim,0.32 kb,20 oct 11 23:16:52,100,Evaluare completa: 100 puncte,cpp,,623923.cpp,,,https://www.infoarena.ro/job_detail/623923
618289,deso,Coman Andrei,nim,0.54 kb,15 oct 11 16:20:49,100,Evaluare completa: 100 puncte,cpp,,618289.cpp,,,https://www.infoarena.ro/job_detail/618289
617234,swift90,Ionut Bogdanescu,nim,0.37 kb,14 oct 11 12:32:34,100,Evaluare completa: 100 puncte,cpp,,617234.cpp,,,https://www.infoarena.ro/job_detail/617234
616188,Florian,Florian Marcu,nim,0.35 kb,11 oct 11 21:39:11,100,Evaluare completa: 100 puncte,cpp,,616188.cpp,,,https://www.infoarena.ro/job_detail/616188
614152,Procopliuc,Procopliuc Adrian,nim,0.29 kb,5 oct 11 19:15:50,100,Evaluare completa: 100 puncte,cpp,,614152.cpp,,,https://www.infoarena.ro/job_detail/614152
613124,laurion,Laurentiu Ion,nim,0.47 kb,16 sep 11 16:39:44,100,Evaluare completa: 100 puncte,cpp,,613124.cpp,,,https://www.infoarena.ro/job_detail/613124
613122,laurion,Laurentiu Ion,nim,0.47 kb,16 sep 11 16:08:12,0,Evaluare completa: 0 puncte,cpp,,613122.cpp,,,https://www.infoarena.ro/job_detail/613122
612678,razvan2006,razvan brezulianu,nim,0.36 kb,9 sep 11 15:49:04,100,Evaluare completa: 100 puncte,cpp,,612678.cpp,,,https://www.infoarena.ro/job_detail/612678
612404,claudiumihail,Claudiu Mihail,nim,0.49 kb,7 sep 11 14:30:02,100,Evaluare completa: 100 puncte,cpp,,612404.cpp,,,https://www.infoarena.ro/job_detail/612404
612324,johny,Johny Deep,nim,0.41 kb,6 sep 11 20:35:54,100,Evaluare completa: 100 puncte,pascal,,612324.pas,,,https://www.infoarena.ro/job_detail/612324
612323,johny,Johny Deep,nim,0.34 kb,6 sep 11 20:34:21,0,Evaluare completa: 0 puncte,pascal,,612323.pas,,,https://www.infoarena.ro/job_detail/612323
611451,a_h1926,Heidelbacher Andrei,nim,0.53 kb,1 sep 11 16:58:31,100,Evaluare completa: 100 puncte,cpp,,611451.cpp,,,https://www.infoarena.ro/job_detail/611451
611399,silvia_the_best,Silvia Pripoae,nim,0.37 kb,1 sep 11 13:54:19,100,Evaluare completa: 100 puncte,cpp,,611399.cpp,,,https://www.infoarena.ro/job_detail/611399
611096,elfus,Florin Chirica,nim,0.33 kb,30 aug 11 17:32:33,100,Evaluare completa: 100 puncte,cpp,,611096.cpp,,,https://www.infoarena.ro/job_detail/611096
610586,tudors,Tudor Siminic,nim,0.39 kb,28 aug 11 10:47:05,100,Evaluare completa: 100 puncte,cpp,,610586.cpp,,,https://www.infoarena.ro/job_detail/610586
610585,tudors,Tudor Siminic,nim,0.38 kb,28 aug 11 10:46:23,0,Evaluare completa: 0 puncte,cpp,,610585.cpp,,,https://www.infoarena.ro/job_detail/610585
610584,tudors,Tudor Siminic,nim,0.38 kb,28 aug 11 10:44:54,0,Evaluare completa: 0 puncte,cpp,,610584.cpp,,,https://www.infoarena.ro/job_detail/610584
610456,AndreyP,Andrei Poenaru,nim,0.36 kb,27 aug 11 12:32:09,100,Evaluare completa: 100 puncte,cpp,,610456.cpp,,,https://www.infoarena.ro/job_detail/610456
610144,proflaurian,Panaete Adrian,nim,0.50 kb,25 aug 11 09:12:33,100,Evaluare completa: 100 puncte,cpp,,610144.cpp,,,https://www.infoarena.ro/job_detail/610144
609687,anna_bozianu,Bozianu Ana,nim,0.30 kb,22 aug 11 21:46:40,100,Evaluare completa: 100 puncte,cpp,,609687.cpp,,,https://www.infoarena.ro/job_detail/609687
609587,paul_gabryel,Paul Buda,nim,0.29 kb,22 aug 11 13:28:25,100,Evaluare completa: 100 puncte,cpp,,609587.cpp,,,https://www.infoarena.ro/job_detail/609587
609541,Blaugranas,Enal Gemaledin,nim,0.33 kb,21 aug 11 23:58:38,100,Evaluare completa: 100 puncte,cpp,,609541.cpp,,,https://www.infoarena.ro/job_detail/609541
609044,SpiderMan,Simoiu Robert,nim,0.41 kb,19 aug 11 13:19:38,100,Evaluare completa: 100 puncte,cpp,,609044.cpp,,,https://www.infoarena.ro/job_detail/609044
608955,soriyn,Sorin Rita,nim,0.41 kb,18 aug 11 20:14:31,100,Evaluare completa: 100 puncte,cpp,,608955.cpp,,,https://www.infoarena.ro/job_detail/608955
608904,tzipleatud,Tudor Tiplea,nim,0.41 kb,18 aug 11 16:50:14,100,Evaluare completa: 100 puncte,cpp,,608904.cpp,,,https://www.infoarena.ro/job_detail/608904
608859,ctlin04,UAIC.VlasCatalin,nim,0.51 kb,18 aug 11 14:26:44,100,Evaluare completa: 100 puncte,pascal,,608859.pas,,,https://www.infoarena.ro/job_detail/608859
608858,ctlin04,UAIC.VlasCatalin,nim,0.43 kb,18 aug 11 14:24:56,100,Evaluare completa: 100 puncte,pascal,,608858.pas,,,https://www.infoarena.ro/job_detail/608858
608857,ctlin04,UAIC.VlasCatalin,nim,0.43 kb,18 aug 11 14:21:43,20,Evaluare completa: 20 puncte,pascal,,608857.pas,,,https://www.infoarena.ro/job_detail/608857
608798,drywater,Lazar Vlad,nim,0.34 kb,18 aug 11 11:38:44,100,Evaluare completa: 100 puncte,cpp,,608798.cpp,,,https://www.infoarena.ro/job_detail/608798
608708,PlayLikeNeverB4,George Marcus,nim,0.28 kb,17 aug 11 18:32:39,100,Evaluare completa: 100 puncte,cpp,,608708.cpp,,,https://www.infoarena.ro/job_detail/608708
608704,scipianus,FMI Ciprian Olariu,nim,0.37 kb,17 aug 11 18:13:29,100,Evaluare completa: 100 puncte,cpp,,608704.cpp,,,https://www.infoarena.ro/job_detail/608704
608541,GavrilaVlad,Gavrila Vlad,nim,0.46 kb,17 aug 11 11:32:11,100,Evaluare completa: 100 puncte,cpp,,608541.cpp,,,https://www.infoarena.ro/job_detail/608541
608504,MciprianM,MciprianM,nim,0.34 kb,16 aug 11 23:24:59,100,Evaluare completa: 100 puncte,cpp,,608504.cpp,,,https://www.infoarena.ro/job_detail/608504
608498,auRSTAR,Hreapca Aurelian,nim,0.35 kb,16 aug 11 23:04:59,100,Evaluare completa: 100 puncte,cpp,,608498.cpp,,,https://www.infoarena.ro/job_detail/608498
608496,S7012MY,Petru Trimbitas,nim,0.28 kb,16 aug 11 22:54:51,100,Evaluare completa: 100 puncte,cpp,,608496.cpp,,,https://www.infoarena.ro/job_detail/608496
595739,GavrilaVlad,Gavrila Vlad,nim,0.46 kb,13 iun 11 20:47:51,,Evaluare completa,cpp,,595739.cpp,,,https://www.infoarena.ro/job_detail/595739
595738,GavrilaVlad,Gavrila Vlad,nim,0.45 kb,13 iun 11 20:46:49,,Evaluare completa,cpp,,595738.cpp,,,https://www.infoarena.ro/job_detail/595738
394692,GavrilaVlad,Gavrila Vlad,nim,0.47 kb,11 feb 10 13:05:35,,Evaluare completa,cpp,,394692.cpp,,,https://www.infoarena.ro/job_detail/394692
394690,GavrilaVlad,Gavrila Vlad,nim,0.56 kb,11 feb 10 13:03:33,,Evaluare completa,cpp,,394690.cpp,,,https://www.infoarena.ro/job_detail/394690
394689,GavrilaVlad,Gavrila Vlad,nim,0.56 kb,11 feb 10 13:03:08,,Evaluare completa,cpp,,394689.cpp,,,https://www.infoarena.ro/job_detail/394689
